locality,n_checklists,total_time,med_time,iqr_time,total_distance,time_per_checklist,Alder Flycatcher,American Bittern,American Black Duck,American Coot,American Crow,American Goldfinch,American Kestrel,American Pipit,American Redstart,American Robin,American Tree Sparrow,American Wigeon,American Woodcock,Bald Eagle,Baltimore Oriole,Bank Swallow,Barn Swallow,Barred Owl,Bay-breasted Warbler,Belted Kingfisher,Black Scoter,Black Tern,Black Vulture,Black-and-white Warbler,Black-bellied Plover,Black-billed Cuckoo,Black-capped Chickadee,Black-crowned Night-Heron,Black-throated Blue Warbler,Black-throated Green Warbler,Blackburnian Warbler,Blackpoll Warbler,Blue Jay,Blue-gray Gnatcatcher,Blue-headed Vireo,Blue-winged Teal,Blue-winged Warbler,Bobolink,Bonaparte's Gull,Brant,Broad-winged Hawk,Brown Creeper,Brown Thrasher,Brown-headed Cowbird,Bufflehead,Canada Goose,Cape May Warbler,Carolina Wren,Caspian Tern,Cedar Waxwing,Chestnut-sided Warbler,Chimney Swift,Chipping Sparrow,Cliff Swallow,Common Gallinule,Common Goldeneye,Common Grackle,Common Loon,Common Merganser,Common Raven,Common Tern,Common Yellowthroat,Cooper's Hawk,Dark-eyed Junco,Double-crested Cormorant,Downy Woodpecker,Dunlin,Eastern Bluebird,Eastern Kingbird,Eastern Meadowlark,Eastern Phoebe,Eastern Screech-Owl,Eastern Towhee,Eastern Wood-Pewee,Eurasian Wigeon,European Starling,Field Sparrow,Fox Sparrow,Gadwall,Glossy Ibis,Golden Eagle,Golden-crowned Kinglet,Golden-winged Warbler,Grasshopper Sparrow,Gray Catbird,Great Black-backed Gull,Great Blue Heron,Great Crested Flycatcher,Great Egret,Greater Scaup,Greater Yellowlegs,Green Heron,Green-winged Teal,Hairy Woodpecker,Hermit Thrush,Herring Gull,Hooded Merganser,Horned Grebe,Horned Lark,House Finch,House Sparrow,House Wren,Indigo Bunting,Killdeer,Least Flycatcher,Least Sandpiper,Lesser Scaup,Lesser Yellowlegs,Lincoln's Sparrow,Long-tailed Duck,Louisiana Waterthrush,Magnolia Warbler,Mallard,Marsh Wren,Merlin,Mourning Dove,Nashville Warbler,Northern Cardinal,Northern Flicker,Northern Goshawk,Northern Harrier,Northern Mockingbird,Northern Parula,Northern Pintail,Northern Rough-winged Swallow,Northern Shoveler,Northern Waterthrush,Orange-crowned Warbler,Orchard Oriole,Osprey,Ovenbird,Palm Warbler,Peregrine Falcon,Philadelphia Vireo,Pied-billed Grebe,Pileated Woodpecker,Pine Siskin,Pine Warbler,Prairie Warbler,Purple Finch,Purple Martin,Red-bellied Woodpecker,Red-breasted Merganser,Red-breasted Nuthatch,Red-eyed Vireo,Red-necked Grebe,Red-shouldered Hawk,Red-tailed Hawk,Red-throated Loon,Red-winged Blackbird,Ring-billed Gull,Ring-necked Duck,Rock Pigeon,Rose-breasted Grosbeak,Ruby-crowned Kinglet,Ruby-throated Hummingbird,Ruffed Grouse,Rusty Blackbird,Sandhill Crane,Savannah Sparrow,Scarlet Tanager,Semipalmated Plover,Semipalmated Sandpiper,Sharp-shinned Hawk,Snowy Egret,Solitary Sandpiper,Song Sparrow,Sora,Spotted Sandpiper,Surf Scoter,Swainson's Thrush,Swamp Sparrow,Tennessee Warbler,Tree Swallow,Tufted Duck,Tufted Titmouse,Turkey Vulture,Upland Sandpiper,Veery,Vesper Sparrow,Virginia Rail,Warbling Vireo,White-breasted Nuthatch,White-crowned Sparrow,White-throated Sparrow,White-winged Scoter,Wild Turkey,Willow Flycatcher,Wilson's Phalarope,Wilson's Snipe,Wilson's Warbler,Winter Wren,Wood Duck,Wood Thrush,Yellow Warbler,Yellow-bellied Sapsucker,Yellow-rumped Warbler,Yellow-throated Vireo
Battell Woods,2,59,29.5,15.5,0.644,29.5,0,0,0,0,0,1,0,0,0,0.5,0,0,0,0,0,0,0,0,0,0,0,0,0,0,0,0,1,0,0,0,0,0,0,0,0,0,0,0,0,0,0,0,0,0,0,0,0,0,0,0,0,0,0,0,0,0,0,0,0,0,0,0,0,0,0,0,0,0,0,0,0,0,0,0,0,0,0,0,0,0,0,0,0,0,0.5,0,0,0.5,0,0,0,0,0,0,0.5,0,0,0,0,0,0,0,0,0,0,0,0,0,0,0,0,0,0,0,0,0,0,0.5,0,0,0,0,0,0,0,0,0,0,0,0,1,0,0,0,0,0,0,0.5,0,0,0,0,0,0,0,0,0,0,0,0,0,0,0,0,0,0,0,0,0,0,0,0,0,0,0,0,0,0,0,0,0,0,0,0,0,1,0,0,0,0,0,0,0,0,0,0,0,0,0,0,0,0,0,0,0,0,0,0
Bittersweet Falls,22,455,17,16,4.945,20.681818181818183,0,0,0,0,0.5,0.5,0,0,0.2727272727272727,0.18181818181818182,0,0,0,0,0,0,0,0.045454545454545456,0,0,0,0,0,0.045454545454545456,0,0,0.5909090909090909,0,0.045454545454545456,0.13636363636363635,0,0,0.18181818181818182,0,0.09090909090909091,0,0,0,0,0,0,0.045454545454545456,0,0.36363636363636365,0,0.09090909090909091,0,0,0,0,0,0,0.09090909090909091,0,0,0,0,0,0,0.09090909090909091,0,0.045454545454545456,0,0.045454545454545456,0,0.36363636363636365,0,0,0.045454545454545456,0,0.5,0,0,0,0,0,0,0,0,0,0,0,0,0,0.045454545454545456,0,0,0.09090909090909091,0,0,0,0,0,0.045454545454545456,0.045454545454545456,0,0,0,0,0,0,0,0.045454545454545456,0,0,0,0,0,0,0,0.3181818181818182,0,0,0,0,0.045454545454545456,0,0.13636363636363635,0,0,0,0,0.045454545454545456,0,0,0,0,0,0,0,0.36363636363636365,0,0,0,0,0.045454545454545456,0,0,0,0,0,0,0,0,0.13636363636363635,0,0,0.09090909090909091,0,0.045454545454545456,0,0,0,0,0.18181818181818182,0,0,0,0,0,0,0,0,0,0,0,0.2727272727272727,0,0,0,0.045454545454545456,0,0,0,0,0.3181818181818182,0.13636363636363635,0,0.13636363636363635,0,0,0,0.09090909090909091,0,0.18181818181818182,0,0,0,0,0,0,0.13636363636363635,0,0.18181818181818182,0.045454545454545456,0,0.22727272727272727,0
Bob Collins Conservation Farm,16,1454,100.5,57.25,28.01,90.875,0,0,0.0625,0,0.8125,0.8125,0,0,0,0.625,0,0,0.0625,0,0.125,0,0.125,0,0,0.0625,0,0,0,0.5,0,0,0.9375,0,0.125,0.125,0,0,0.75,0,0.375,0,0.5625,0.1875,0,0,0,0,0.6875,0.4375,0,0.3125,0,0,0,0.0625,0.4375,0,0.0625,0.0625,0,0,0.3125,0.0625,0,0.375,0,0.5625,0.0625,0,0,0.375,0,0,0.25,0.0625,0.125,0,0.875,0,0,0.25,0.875,0,0,0,0,0,0.3125,0,0.875,0,0,0.375,0,0,0,0,0,0.1875,0.1875,0,0,0,0,0,0,0.25,0,0,0.125,0,0,0,0,0,0,0.0625,0.25,0,0,0.3125,0.125,0.875,0.125,0,0,0.0625,0,0,0,0,0,0,0,0.125,0.875,0,0,0,0,0.125,0,0,0,0,0,0.4375,0,0.125,0.0625,0,0,0.3125,0,0.875,0.125,0,0,0.3125,0.4375,0.0625,0.3125,0,0,0.125,0.0625,0,0,0,0,0.0625,1,0,0,0,0,0.0625,0,0,0,0.4375,0.25,0,0,0,0,0,0.1875,0.1875,0.4375,0,0.125,0,0,0,0,0,0,0.4375,0.5,0.0625,0.3125,0
Bond Island Natural Area,11,733,65,56.5,11.848,66.63636363636364,0,0.7272727272727273,0,0,0.45454545454545453,0.9090909090909091,0,0,0,1,0,0,0,0,0,0,0,0,0,0.45454545454545453,0,0,0,0.5454545454545454,0,0,0.8181818181818182,0,0.09090909090909091,0.09090909090909091,0,0,0.5454545454545454,0,0.36363636363636365,0,0,0,0,0,0,0,0,0.18181818181818182,0,0.2727272727272727,0,0,0,0,0,0,0,0,0,0,0.8181818181818182,0,0,0.45454545454545453,0,0.5454545454545454,0,0,0,0,0,0,0,0,0.09090909090909091,0,0,0,0,0.09090909090909091,0,0,0,0,0,0,0,0,0.18181818181818182,0,0,0.6363636363636364,0,0,0,0.09090909090909091,0,0.18181818181818182,0,0,0,0,0,0,0,0,0,0,0,0,0,0,0,0,0,0,0.36363636363636365,0.09090909090909091,0,0.45454545454545453,0.18181818181818182,0.36363636363636365,0.7272727272727273,0,0.09090909090909091,0,0,0,0,0,0.7272727272727273,0,0,0,0.5454545454545454,0,0,0,0,0.2727272727272727,0,0.18181818181818182,0,0,0,0.45454545454545453,0,0,0.09090909090909091,0,0,0,0,1,0,0,0,0,0,0,0,0,0,0,0,0,0,0.09090909090909091,0,0,0.9090909090909091,0,0,0,0,0.8181818181818182,0,0.18181818181818182,0,0.36363636363636365,0.09090909090909091,0,0,0,0.36363636363636365,0,0.2727272727272727,0,0.2727272727272727,0,0.18181818181818182,0,0,0.18181818181818182,0,0,0.18181818181818182,0,0.09090909090909091,0.5454545454545454,0.2727272727272727,0
Branbury State Park,4,200,7.5,47.5,4.828,50,0,0,0,0,0.25,0,0,0,0,0.75,0,0,0,0.25,0,0,0.75,0,0,0,0,0,0,0.25,0,0,0.25,0,0.25,0.25,0,0,0.75,0,0,0,0,0,0,0,0,0,0,0,0,0.25,0,0,0,0,0,0,0.5,0,0,0,0,0,0,0,0,0,0,0,0,0.25,0,0,0,0,0,0,0,0,0,0,0,0,0,0,0,0,0,0,0,0,0,0,0,0,0,0,0,0,0,0,0,0,0,0,0,0,0,0,0,0,0,0,0,0,0,0,0.25,0,0,0,0.25,0,0.25,0,0,0,0,0,0,0,0,0,0,0,0.25,0,0,0,0,0.25,0,0,0,0,0,0,0,0,0,0,0,0.25,0,0,0,0,0,0,0,0,0,0,0,0,0.25,0,0,0,0,0,0,0,0,0,0,0,0,0.25,0,0,0.75,0,0,0,0,0,0,0,0,0,0,0,0,0,0,0,0,0.25,0,0.25,0.25,0
Bristol Pond (248 acres) (Winona Lake) - Bristol,23,2077,40,52.5,0,90.30434782608695,0.043478260869565216,0.43478260869565216,0.043478260869565216,0,0.13043478260869565,0.21739130434782608,0,0,0.043478260869565216,0.5652173913043478,0,0,0.043478260869565216,0,0.21739130434782608,0,0.17391304347826086,0,0,0.34782608695652173,0,0,0,0,0,0,0.391304347826087,0,0,0,0,0,0.21739130434782608,0,0,0.043478260869565216,0,0,0.043478260869565216,0,0,0,0,0.2608695652173913,0,0.8260869565217391,0,0,0,0,0.043478260869565216,0,0.2608695652173913,0,0,0,0.6086956521739131,0,0.08695652173913043,0.13043478260869565,0,0.17391304347826086,0,0.08695652173913043,0,0.17391304347826086,0,0,0.17391304347826086,0,0.17391304347826086,0,0,0,0,0.13043478260869565,0,0,0,0,0,0,0,0,0.08695652173913043,0,0.391304347826087,0.043478260869565216,0,0,0,0.043478260869565216,0,0,0,0,0,0,0,0.043478260869565216,0.13043478260869565,0.08695652173913043,0,0.043478260869565216,0.17391304347826086,0,0,0,0,0,0,0,0.5217391304347826,0,0,0.391304347826087,0,0.30434782608695654,0.08695652173913043,0,0.21739130434782608,0,0,0,0,0,0,0,0,0.17391304347826086,0,0,0,0,0,0.08695652173913043,0,0,0,0,0,0,0,0,0,0,0,0,0,0.782608695652174,0.13043478260869565,0,0,0.043478260869565216,0.08695652173913043,0,0.08695652173913043,0,0.2608695652173913,0.043478260869565216,0,0,0,0,0,0,0.5652173913043478,0,0.08695652173913043,0,0,0.391304347826087,0,0.34782608695652173,0,0.13043478260869565,0.2608695652173913,0,0,0,0,0.391304347826087,0.17391304347826086,0.043478260869565216,0.17391304347826086,0,0.08695652173913043,0,0,0.08695652173913043,0,0,0.2608695652173913,0,0.2608695652173913,0.08695652173913043,0.21739130434782608,0
Bristol Pond Fishing Access,48,1298,22,27,7.555,27.041666666666668,0,0.6041666666666666,0,0,0.16666666666666666,0.125,0.020833333333333332,0,0.041666666666666664,0.5416666666666666,0,0,0.020833333333333332,0.08333333333333333,0.20833333333333334,0.041666666666666664,0.2916666666666667,0,0,0.2708333333333333,0,0,0,0.020833333333333332,0,0,0.22916666666666666,0,0,0,0,0,0.0625,0.020833333333333332,0,0.041666666666666664,0,0,0,0,0,0,0,0.020833333333333332,0,0.8958333333333334,0.020833333333333332,0,0,0,0.020833333333333332,0,0.020833333333333332,0.041666666666666664,0,0,0.7083333333333334,0,0.041666666666666664,0.0625,0,0.25,0,0.041666666666666664,0,0.16666666666666666,0,0.041666666666666664,0.125,0,0.20833333333333334,0,0,0,0,0,0,0,0,0,0,0,0,0,0.08333333333333333,0,0.375,0.041666666666666664,0.041666666666666664,0,0.0625,0,0.020833333333333332,0.041666666666666664,0.020833333333333332,0,0,0,0,0,0,0,0.020833333333333332,0.041666666666666664,0.375,0,0,0,0,0,0,0,0.5416666666666666,0.041666666666666664,0.041666666666666664,0.08333333333333333,0,0.1875,0.125,0,0.14583333333333334,0,0,0,0.041666666666666664,0,0.041666666666666664,0,0,0.3125,0,0.1875,0,0,0.0625,0,0,0,0,0,0,0,0,0,0,0,0,0.041666666666666664,0,0.8958333333333334,0.2708333333333333,0.041666666666666664,0,0.020833333333333332,0.020833333333333332,0,0,0.020833333333333332,0.1875,0,0,0,0,0,0,0.0625,0.4375,0,0.0625,0,0,0.4375,0,0.4583333333333333,0,0,0.08333333333333333,0,0,0,0,0.3541666666666667,0.041666666666666664,0,0.125,0,0.020833333333333332,0,0,0.0625,0,0,0.3333333333333333,0.020833333333333332,0.5208333333333334,0.041666666666666664,0.6041666666666666,0
Button Bay State Park,4,767,167.5,113.25,11.908,191.75,0,0,0.25,0,0.75,0.5,0,0,0,1,0,0,0,0.25,0.5,0,0.5,0,0,0.5,0,0.25,0,0.5,0,0,1,0,0.25,0.25,0,0,0.5,0.25,0,0,0,0,0.75,0,0,0,0,0.5,0.5,1,0,0,0.5,0,0.25,0,0.5,0,0,0.25,0.25,0.75,0.75,0.25,0.25,0.25,0,0,0.75,0.5,0,0.5,0.5,0,0.5,0,0,0,0,0.25,0,0,0.25,0,0,0,0,0,0.75,0.5,0.25,0.25,0,0,0,0,0,0.25,0.5,0.5,0,0,0,0,0,0.25,0,0.25,0.25,0,0,0,0,0,0,0,0.75,0,0,0.5,0.25,0.75,0.5,0,0,0,0,0,0.5,0,0,0,0,1,0.5,0,0,0,0,0,0,0.5,0,0,0,0,0,0,0,0,0,0,0.25,0.75,0.75,0,0,0.5,0.5,0,0,0,0,0.75,0,0,0,0,0,0.25,1,0,0.5,0,0,0.25,0,1,0,0.25,0.25,0,0,0,0,0.25,0.75,0.75,0.75,0,0,0,0,0,0,0,0.5,0,0.75,0.25,0.75,0
Champlain Bridge / Chimney Point,35,971,21,21,4.203,27.742857142857144,0,0,0,0,0.2,0.22857142857142856,0,0,0,0.6,0,0,0,0.02857142857142857,0.2857142857142857,0,0.05714285714285714,0,0,0.22857142857142856,0,0.02857142857142857,0,0,0,0,0.05714285714285714,0,0,0,0,0,0,0,0,0,0,0,0.5142857142857142,0.02857142857142857,0.02857142857142857,0,0,0.11428571428571428,0.45714285714285713,0.17142857142857143,0,0.02857142857142857,0.4857142857142857,0,0,0,0.2857142857142857,0,0,0.02857142857142857,0.7142857142857143,0.42857142857142855,0.2,0.05714285714285714,0.3142857142857143,0.02857142857142857,0,0,0.8,0.05714285714285714,0,0,0.08571428571428572,0,0,0,0,0,0,0.37142857142857144,0,0,0,0,0,0,0,0,0.08571428571428572,0.17142857142857143,0.08571428571428572,0,0,0.14285714285714285,0,0,0,0,0,0.22857142857142856,0.05714285714285714,0,0,0.05714285714285714,0.3142857142857143,0.02857142857142857,0.02857142857142857,0.02857142857142857,0,0,0.17142857142857143,0,0,0.05714285714285714,0,0,0.2,0,0,0,0,0.05714285714285714,0.11428571428571428,0,0,0,0,0,0,0,0,0,0,0.5428571428571428,0,0,0,0,0,0,0,0,0,0.02857142857142857,0.14285714285714285,0.02857142857142857,0.02857142857142857,0,0,0.02857142857142857,0,0,0,0.4,0.7428571428571429,0.05714285714285714,0.02857142857142857,0,0,0,0,0,0,0,0,0,0,0.02857142857142857,0,0,0.45714285714285713,0,0.08571428571428572,0,0,0.02857142857142857,0,0.11428571428571428,0.08571428571428572,0,0.11428571428571428,0,0,0,0,0.3142857142857143,0,0,0.02857142857142857,0,0,0,0,0,0,0,0.05714285714285714,0,0.22857142857142856,0,0.05714285714285714,0
Chipman Hill,34,3910,100,87.25,70.586,115,0,0,0,0,0.7352941176470589,0.8235294117647058,0,0,0.35294117647058826,0.9117647058823529,0,0,0,0,0.14705882352941177,0,0,0.20588235294117646,0.058823529411764705,0.029411764705882353,0,0,0,0.6176470588235294,0,0,1,0,0.5882352941176471,0.47058823529411764,0.5294117647058824,0.029411764705882353,0.7647058823529411,0,0.6470588235294118,0,0,0,0,0,0.11764705882352941,0.4117647058823529,0,0.7647058823529411,0,0.23529411764705882,0,0.23529411764705882,0,0.14705882352941177,0.4117647058823529,0.029411764705882353,0.7941176470588235,0,0,0,0.17647058823529413,0,0.029411764705882353,0.17647058823529413,0,0.14705882352941177,0.058823529411764705,0.20588235294117646,0,0.7941176470588235,0,0,0.029411764705882353,0,0.35294117647058826,0,0.058823529411764705,0.058823529411764705,0,0.08823529411764706,0,0,0,0,0,0,0,0,0.29411764705882354,0,0,0.2647058823529412,0,0,0,0,0,0.5588235294117647,0.3235294117647059,0,0,0,0,0.058823529411764705,0.058823529411764705,0.29411764705882354,0.08823529411764706,0,0.029411764705882353,0,0,0,0,0,0,0.17647058823529413,0.029411764705882353,0,0.08823529411764706,0.6764705882352942,0.20588235294117646,0.9117647058823529,0.4411764705882353,0,0,0,0.11764705882352941,0,0,0,0.029411764705882353,0.029411764705882353,0,0.058823529411764705,0.7647058823529411,0,0,0,0,0.38235294117647056,0,0.7941176470588235,0,0,0,0.5882352941176471,0,0.29411764705882354,0.14705882352941177,0,0,0.029411764705882353,0,0.14705882352941177,0.058823529411764705,0,0,0.35294117647058826,0.5882352941176471,0.029411764705882353,0.08823529411764706,0,0,0,0.3235294117647059,0,0,0,0,0,0.20588235294117646,0,0,0,0.029411764705882353,0,0.029411764705882353,0.058823529411764705,0,0.8235294117647058,0.14705882352941177,0,0.20588235294117646,0,0,0,0.6764705882352942,0.029411764705882353,0.4117647058823529,0,0.029411764705882353,0,0,0,0,0.029411764705882353,0,0.4411764705882353,0,0.4411764705882353,0.7941176470588235,0.17647058823529413
Common Ground Center,2,139,69.5,20.5,3.218,69.5,0,0,0,0,0,0.5,0,0,0,0,0,0,0,0,0,0,0,0,0,0.5,0,0,0,1,0,0,1,0,0.5,1,0.5,0,0.5,0,1,0,0,0,0,0,0,0.5,0,0,0,0,0,0,0,0,0.5,0,0.5,0,0,0,0,0,0,0,0,0,0,0,0,0.5,0,0.5,0,0,0,0,0,0,0,0,0,0,0,0,0,0.5,0,0,0.5,0,0,0,0,0,0,0,0,0,0.5,0,0,0,0,0,0,0.5,0,0,0,0,0,0,0,0,0,0.5,0,0,0.5,0,0.5,0,0.5,0,0,0,0,0,0,0,0,0,0,0,1,0,0,0,0,0,0,0.5,0,0,0,0,0,0.5,0,0,0,0,0,0.5,0,0,0,0.5,0.5,0,0,0,0,0.5,0.5,0,0,0,0,0,0,0,0,0,0,0,0,0.5,0,0,0,0,0.5,0,0,0,0,0,0,0,0,0,0,0,0,0,0,0.5,0,0.5,0.5,0
Cornwall Swamp (south) WMA -- Swamp Road,20,720,23.5,48.25,28.672,36,0,0.15,0.2,0,0.35,0.25,0,0,0.05,0.85,0.05,0,0.1,0,0.1,0,0.55,0,0,0,0,0,0,0,0,0,0.25,0,0.05,0.05,0,0.05,0.1,0.15,0,0.05,0,0.1,0,0,0,0.15,0,0.25,0.05,0.4,0,0,0,0,0,0,0.1,0,0,0,0.65,0,0,0.2,0,0.15,0,0,0,0.4,0,0,0.15,0,0.2,0,0,0,0,0.15,0,0,0,0.1,0,0,0,0,0.2,0,0.25,0.1,0,0,0.3,0,0.25,0.15,0.05,0,0,0,0,0,0.1,0,0,0.35,0.3,0.15,0,0.25,0,0,0,0.05,0.65,0,0,0.5,0,0.15,0.1,0,0.15,0,0,0.05,0,0,0.8,0,0,0.05,0.1,0,0,0,0.1,0.05,0,0,0,0,0,0,0,0,0.05,0,0,0.2,0,0.6,0,0.3,0,0,0.05,0,0.05,0.1,0,0.2,0,0,0,0,0,0.45,0.65,0,0.35,0,0.1,0.45,0,0.65,0,0.05,0.25,0,0.2,0,0,0.2,0.25,0,0,0,0.05,0,0,0.2,0.05,0.05,0.65,0,0.55,0.3,0.15,0.15
Cota Park,20,1099,37.5,57.5,22.528,54.95,0,0,0,0,0.75,0.8,0.05,0,0.25,0.75,0,0,0.05,0,0.3,0,0.4,0,0,0.1,0,0,0,0.25,0,0.1,0.5,0,0,0.05,0,0,0.3,0.05,0.05,0,0,0,0,0,0,0,0.1,0.15,0,0.35,0,0,0,0.05,0.35,0.05,0.35,0,0,0,0.6,0,0,0.1,0,0.65,0.1,0.1,0,0.45,0,0,0.5,0,0.6,0,0,0.05,0,0.15,0,0,0,0,0,0,0,0,0.6,0,0,0.1,0,0,0,0.05,0,0.2,0.1,0,0,0,0,0,0.05,0.05,0.05,0.3,0.3,0,0,0,0,0,0,0,0.45,0,0,0.45,0.05,0.7,0.35,0,0,0,0.05,0,0,0,0,0,0,0,0.1,0,0,0,0,0.2,0,0,0,0.1,0,0,0,0,0.1,0,0,0.05,0,0.9,0.05,0,0.05,0.05,0.2,0.1,0,0,0,0.15,0.05,0,0,0.05,0,0.05,0.9,0,0.4,0,0,0.4,0,0.4,0,0.3,0.1,0,0,0,0,0.55,0.25,0.15,0.1,0,0.05,0.1,0,0.1,0,0,0,0,0.85,0.3,0.05,0
Cram Rd. Powerline,31,2502,84,71.5,35.576,80.70967741935483,0.1935483870967742,0.03225806451612903,0,0,0.6774193548387096,0.9032258064516129,0.1935483870967742,0,0.25806451612903225,0.6129032258064516,0,0,0.03225806451612903,0.03225806451612903,0.2903225806451613,0,0.06451612903225806,0.06451612903225806,0,0,0,0,0.03225806451612903,0.7096774193548387,0,0.0967741935483871,0.8387096774193549,0,0.03225806451612903,0.22580645161290322,0.06451612903225806,0,0.7096774193548387,0.0967741935483871,0.16129032258064516,0,0.4838709677419355,0.03225806451612903,0,0,0.06451612903225806,0.03225806451612903,0.1935483870967742,0.6129032258064516,0,0.12903225806451613,0.03225806451612903,0.03225806451612903,0,0.16129032258064516,0.5483870967741935,0.03225806451612903,0.3548387096774194,0,0,0,0.22580645161290322,0,0,0.3870967741935484,0,0.7096774193548387,0.06451612903225806,0.0967741935483871,0,0.3548387096774194,0,0.06451612903225806,0.2903225806451613,0,0.22580645161290322,0,0.967741935483871,0.03225806451612903,0,0.12903225806451613,0.7419354838709677,0,0,0,0,0,0.22580645161290322,0,0.7419354838709677,0,0.0967741935483871,0.3870967741935484,0,0,0,0.16129032258064516,0,0.1935483870967742,0,0,0,0,0,0.03225806451612903,0.06451612903225806,0.4838709677419355,0.06451612903225806,0.03225806451612903,0.1935483870967742,0,0,0,0.06451612903225806,0,0,0.0967741935483871,0.03225806451612903,0,0.03225806451612903,0.41935483870967744,0.41935483870967744,0.7741935483870968,0.5161290322580645,0,0.06451612903225806,0,0,0,0,0,0.03225806451612903,0,0,0.06451612903225806,0.8387096774193549,0,0.03225806451612903,0.03225806451612903,0,0.12903225806451613,0,0.22580645161290322,0.8709677419354839,0.03225806451612903,0,0.2903225806451613,0,0.03225806451612903,0.1935483870967742,0,0,0.2903225806451613,0,0.6774193548387096,0,0,0.16129032258064516,0.2903225806451613,0.25806451612903225,0.03225806451612903,0.22580645161290322,0,0,0,0.3225806451612903,0,0,0.03225806451612903,0,0,0.8064516129032258,0,0,0,0,0.2903225806451613,0,0.03225806451612903,0,0.3870967741935484,0.4838709677419355,0,0.16129032258064516,0,0,0.06451612903225806,0.12903225806451613,0.06451612903225806,0.3548387096774194,0,0.0967741935483871,0,0,0,0.03225806451612903,0,0.0967741935483871,0.3548387096774194,0.6129032258064516,0.3870967741935484,0.12903225806451613,0.03225806451612903
Creek Rd. floodplain,48,2123,41,28.5,41.729,44.229166666666664,0,0.125,0.2708333333333333,0,0.4166666666666667,0.4583333333333333,0.08333333333333333,0.08333333333333333,0.16666666666666666,0.7291666666666666,0,0.08333333333333333,0,0.08333333333333333,0.1875,0.0625,0.8125,0.020833333333333332,0,0.041666666666666664,0,0,0,0.020833333333333332,0,0,0.25,0,0.020833333333333332,0.020833333333333332,0,0,0.10416666666666667,0.20833333333333334,0.041666666666666664,0.0625,0,0.14583333333333334,0,0,0.020833333333333332,0.041666666666666664,0.041666666666666664,0.25,0.0625,0.625,0.020833333333333332,0.020833333333333332,0,0,0.020833333333333332,0.020833333333333332,0.125,0,0,0,0.6875,0,0.020833333333333332,0.16666666666666666,0,0.20833333333333334,0.020833333333333332,0.020833333333333332,0.020833333333333332,0.2708333333333333,0,0.041666666666666664,0.0625,0.020833333333333332,0.2708333333333333,0,0.020833333333333332,0,0,0.5,0,0,0.0625,0.10416666666666667,0,0,0,0,0.2708333333333333,0,0.4375,0.08333333333333333,0.020833333333333332,0,0.5,0.020833333333333332,0.4375,0.041666666666666664,0,0,0.020833333333333332,0,0,0.020833333333333332,0.16666666666666666,0.020833333333333332,0.020833333333333332,0.5,0.2708333333333333,0.16666666666666666,0,0.2916666666666667,0.020833333333333332,0,0,0.041666666666666664,0.8958333333333334,0,0.0625,0.4166666666666667,0,0.22916666666666666,0.1875,0,0.22916666666666666,0,0,0.041666666666666664,0,0.020833333333333332,0.2708333333333333,0,0,0.125,0.041666666666666664,0.041666666666666664,0,0,0.14583333333333334,0.08333333333333333,0,0,0,0,0,0.16666666666666666,0,0,0.020833333333333332,0,0.020833333333333332,0.08333333333333333,0,0.7916666666666666,0.041666666666666664,0.2708333333333333,0.125,0,0.08333333333333333,0,0,0.10416666666666667,0,0.3541666666666667,0,0,0,0.020833333333333332,0,0.4166666666666667,0.75,0,0.375,0,0.020833333333333332,0.3958333333333333,0.020833333333333332,0.5625,0,0.020833333333333332,0.08333333333333333,0,0.020833333333333332,0,0,0.3958333333333333,0.1875,0.08333333333333333,0.16666666666666666,0,0,0,0.020833333333333332,0.2916666666666667,0.020833333333333332,0,0.4375,0,0.5208333333333334,0.25,0.1875,0.125
Dead Creek WMA IBA,10,868,61,57.25,25.588,86.8,0,0.2,0,0,0.1,0.5,0,0,0,0.8,0,0,0.2,0.1,0.1,0,0.4,0,0,0,0,0,0.1,0.1,0,0,0.2,0.1,0,0,0,0,0.1,0,0,0.1,0,0.1,0,0,0,0,0.2,0.4,0.1,1,0,0,0,0.1,0,0,0.1,0.1,0.3,0,0.6,0,0,0.3,0,0.2,0,0,0.1,0.2,0.1,0,0.3,0,0,0,0.1,0,0,0.1,0.2,0,0,0.1,0,0,0,0,0.4,0,0,0,0,0,0.1,0,0.2,0,0,0,0,0,0.1,0,0,0,0,0.4,0,0,0,0.1,0,0,0,0,0.7,0.2,0,0.2,0,0.3,0.1,0,0,0,0,0.1,0.1,0.1,0,0,0,0.4,0,0,0,0,0,0,0,0,0,0,0,0,0,0.1,0,0,0,0.3,0,0.9,0.1,0,0,0,0.1,0,0,0.1,0,0.2,0,0,0,0,0,0,0.7,0,0.4,0,0,0.4,0,0.6,0,0.1,0.3,0,0.1,0,0.1,0,0,0.1,0.4,0,0,0,0,0.1,0,0,0.6,0,0.5,0,0.1,0
Dead Creek WMA IBA--Bird Observatory & banding station,8,432,54,34.5,10.040000000000001,54,0,0.375,0.125,0,0.25,0.5,0.125,0,0,0.75,0,0,0.125,0.125,0.125,0.125,0.75,0,0,0,0,0,0,0.125,0,0,0.125,0,0,0,0,0,0.375,0,0,0,0,0.125,0,0,0,0,0.25,0.5,0,0.75,0,0.125,0.125,0,0,0,0.125,0,0.125,0,0.375,0,0,0.125,0,0.375,0,0,0,0.125,0,0,0.125,0,0,0,0.125,0,0,0.125,0.125,0,0,0,0,0,0,0,0.25,0,0.25,0,0,0,0.125,0,0.125,0.125,0.125,0,0,0,0,0,0,0,0,0.25,0,0,0,0.125,0,0,0,0,0.75,0.25,0,0.25,0.125,0.5,0.125,0,0,0,0,0,0,0,0,0,0,0.75,0.25,0,0,0,0,0,0,0,0,0,0,0.125,0,0,0,0,0,0.125,0,1,0,0,0,0,0.125,0,0,0,0,0.375,0,0,0,0,0,0,1,0.125,0.25,0,0,0.5,0,0.625,0,0.125,0.125,0,0,0,0,0,0.25,0.125,0.125,0,0.25,0,0,0,0,0,0.5,0.125,0.75,0.125,0.375,0
Dead Creek WMA IBA--Brilyea Access,82,5510,52.5,57.75,149.807,67.1951219512195,0.012195121951219513,0.18292682926829268,0.012195121951219513,0.012195121951219513,0.3048780487804878,0.4024390243902439,0.012195121951219513,0,0.07317073170731707,0.7926829268292683,0,0,0.036585365853658534,0.18292682926829268,0.4024390243902439,0.024390243902439025,0.5853658536585366,0.024390243902439025,0.012195121951219513,0.0975609756097561,0,0,0,0.10975609756097561,0,0,0.45121951219512196,0.04878048780487805,0.06097560975609756,0.0975609756097561,0.024390243902439025,0,0.35365853658536583,0.06097560975609756,0.07317073170731707,0.024390243902439025,0,0.036585365853658534,0,0,0,0.024390243902439025,0.07317073170731707,0.2682926829268293,0,0.8658536585365854,0.06097560975609756,0,0.0975609756097561,0,0.06097560975609756,0,0.12195121951219512,0.024390243902439025,0.024390243902439025,0,0.6341463414634146,0,0.012195121951219513,0.14634146341463414,0.012195121951219513,0.21951219512195122,0.012195121951219513,0.012195121951219513,0.012195121951219513,0.32926829268292684,0,0.15853658536585366,0.21951219512195122,0,0.12195121951219512,0.024390243902439025,0.04878048780487805,0.012195121951219513,0,0.08536585365853659,0.024390243902439025,0,0,0,0,0,0,0,0.3902439024390244,0,0.43902439024390244,0.25609756097560976,0,0,0,0.012195121951219513,0.10975609756097561,0.07317073170731707,0.04878048780487805,0.012195121951219513,0.012195121951219513,0,0,0,0,0.024390243902439025,0,0.2073170731707317,0.15853658536585366,0.04878048780487805,0,0.036585365853658534,0,0,0,0.012195121951219513,0.5975609756097561,0.3780487804878049,0.036585365853658534,0.36585365853658536,0.024390243902439025,0.43902439024390244,0.32926829268292684,0,0.08536585365853659,0,0.012195121951219513,0,0.012195121951219513,0,0.012195121951219513,0,0.06097560975609756,0.3780487804878049,0.3048780487804878,0.024390243902439025,0,0,0,0.08536585365853659,0,0.07317073170731707,0,0.024390243902439025,0.024390243902439025,0.3902439024390244,0.012195121951219513,0.012195121951219513,0.04878048780487805,0,0,0.1951219512195122,0,0.8902439024390244,0.0975609756097561,0,0,0.24390243902439024,0.1951219512195122,0,0.012195121951219513,0.024390243902439025,0,0.2073170731707317,0.07317073170731707,0,0.012195121951219513,0.012195121951219513,0,0.024390243902439025,0.7560975609756098,0.036585365853658534,0.4634146341463415,0,0,0.3048780487804878,0,0.7804878048780488,0,0.14634146341463414,0.15853658536585366,0,0.012195121951219513,0,0.15853658536585366,0.23170731707317074,0.2682926829268293,0.12195121951219512,0.2804878048780488,0,0.024390243902439025,0.024390243902439025,0,0,0,0,0.47560975609756095,0.23170731707317074,0.7682926829268293,0.036585365853658534,0.43902439024390244,0.06097560975609756
Dead Creek WMA IBA--Farrell Access,15,591,35,18,15.933,39.4,0.06666666666666667,0,0.13333333333333333,0,0.2,0.6,0,0,0,0.8,0,0.06666666666666667,0,0.13333333333333333,0.6666666666666666,0.06666666666666667,0.3333333333333333,0,0,0.06666666666666667,0,0,0,0.06666666666666667,0,0,0.06666666666666667,0.13333333333333333,0,0,0,0,0.26666666666666666,0,0,0.06666666666666667,0,0.26666666666666666,0,0,0.13333333333333333,0,0.26666666666666666,0.26666666666666666,0,0.6,0,0,0,0,0,0,0,0.06666666666666667,0,0,0.6666666666666666,0,0.13333333333333333,0.06666666666666667,0,0,0,0,0.06666666666666667,0,0,0.06666666666666667,0.2,0,0.2,0,0,0,0,0.13333333333333333,0,0,0.06666666666666667,0,0,0,0,0,0.4666666666666667,0,0.2,0,0.06666666666666667,0,0,0.3333333333333333,0.06666666666666667,0,0,0,0.2,0,0,0.06666666666666667,0,0,0,0.13333333333333333,0.3333333333333333,0.06666666666666667,0,0,0,0,0,0,0.6,0,0,0.26666666666666666,0,0.4,0.06666666666666667,0,0.13333333333333333,0,0,0,0.13333333333333333,0,0,0,0.5333333333333333,0.26666666666666666,0,0,0.06666666666666667,0.06666666666666667,0,0,0,0,0,0,0,0,0,0,0,0,0,0.3333333333333333,0,0.8,0.4,0,0.06666666666666667,0,0,0.06666666666666667,0,0,0,0.7333333333333333,0,0,0,0,0,0,0.8,0,0.26666666666666666,0,0,0,0,0.8,0,0,0.13333333333333333,0,0,0,0,0.5333333333333333,0,0.3333333333333333,0.06666666666666667,0,0.06666666666666667,0.13333333333333333,0,0,0.06666666666666667,0,0.3333333333333333,0,0.8666666666666667,0,0.26666666666666666,0
Dead Creek WMA IBA--Gage Road,10,348,27,18.75,18.813,34.8,0,0.1,0,0,0.5,0.1,0.5,0,0,0.5,0,0,0,0,0,0,0.5,0,0,0,0,0,0,0,0,0,0,0,0,0,0,0,0.1,0,0,0,0,0.8,0,0,0,0,0,0.1,0,0.6,0,0,0,0,0,0,0,0,0,0,0.9,0,0,0.3,0,0,0,0,0,0,0,0,0.1,0.2,0,0,0,0,0,0.2,0,0,0,0,0,0,0,0,0,0,0,0,0,0,0,0,0,0,0,0,0,0,0,0,0.2,0,0,0.5,0,0,0,0,0,0,0,0,0.5,0,0,0.1,0,0.1,0,0,0.2,0,0,0,0,0,0,0,0,0.6,0,0,0,0,0,0,0,0,0,0,0,0.1,0,0,0,0,0,0,0,0.8,0,0,0,0,0,0,0,0,0,0.6,0,0,0,0,0,0.1,0.7,0,0.1,0,0,0,0,0.5,0,0,0.1,0,0,0,0,0,0,0.1,0,0,0.1,0,0,0.1,0,0,0,0,0.1,0,0,0
Dead Creek WMA IBA--Goose Viewing Area,10,167,13.5,20.25,2.94,16.7,0,0,0,0,0,0.1,0,0,0,0.1,0,0,0,0.1,0.1,0,0.1,0,0,0,0,0,0,0,0,0,0.1,0,0,0,0,0,0,0,0,0,0,0.3,0,0,0,0.1,0,0,0,0.5,0,0.1,0,0,0,0,0,0,0,0,0.1,0,0.1,0.1,0,0.1,0,0,0,0.1,0,0,0.1,0,0,0,0,0,0,0,0,0,0,0,0,0,0,0,0,0,0.1,0,0,0,0,0,0,0,0,0,0,0,0.1,0,0,0,0,0.5,0,0.2,0,0,0,0,0,0,0.3,0,0,0.2,0,0.1,0.1,0,0.3,0,0,0,0,0,0,0,0,0.2,0.1,0,0,0,0,0,0,0,0,0,0,0.1,0,0,0,0,0,0.1,0,0.7,0,0,0,0,0.1,0,0,0,0,0.4,0,0,0,0,0,0,0.3,0,0,0,0,0,0,0.3,0,0.1,0,0,0,0,0,0,0.1,0,0,0,0,0,0,0,0,0,0.2,0,0.1,0,0.1,0
Dead Creek WMA IBA--Stone Bridge Dam,3,110,45,27.5,6.437,36.666666666666664,0,0,0,0,0.3333333333333333,0,0,0,0,0.6666666666666666,0,0,0,0,0,0,0.3333333333333333,0,0,0.3333333333333333,0,0,0,0,0,0,0,0,0,0,0,0,0,0,0,0,0,0.3333333333333333,0,0,0,0,0,0.3333333333333333,0,0.6666666666666666,0,0,0,0,0.3333333333333333,0,0,0,0,0,0.6666666666666666,0,0,0,0,0,0,0,0,0,0,0,0,0,0,0,0,0,0,0.3333333333333333,0,0,0,0,0,0,0,0,0,0,0,0,0,0,0.3333333333333333,0,0,0,0,0,0,0,0,0,0,0,0,0.3333333333333333,0,0.3333333333333333,0,0,0,0,0,0,0.3333333333333333,0,0.3333333333333333,0,0,0,0,0,0.3333333333333333,0,0,0,0,0,0,0,0,0,0,0,0,0,0,0,0,0,0,0,0,0,0,0,0,0,0,0,0,1,0.3333333333333333,0.3333333333333333,0,0,0,0,0,0,0,0.3333333333333333,0,0,0.3333333333333333,0,0,0,0.6666666666666666,0,0,0,0,0,0,0.6666666666666666,0,0,0.3333333333333333,0,0,0,0,0,0,0.3333333333333333,0,0,0,0,0,0,0,0,0.3333333333333333,0,0,0,0,0
East Creek WMA--south unit,10,252,27.5,21,6.117,25.2,0,0.1,0,0,0.6,0.3,0,0,0,0.7,0,0,0,0.2,0.2,0,0.9,0,0,0.4,0,0,0,0,0,0,0,0,0,0.1,0,0,0.1,0,0,0,0,0.6,0,0,0,0,0,0,0,0.9,0,0,0,0,0.1,0,0,0,0,0,0.7,0,0.1,0,0,0.5,0,0,0.1,0,0,0.1,0.3,0.3,0.1,0,0,0,0,0.4,0,0,0,0,0,0,0,0,0,0,0.3,0,0,0,0.1,0.1,0,0,0,0,0.1,0,0,0,0.1,0,0,0.3,0,0,0,0,0,0,0,0,0.4,0.2,0,0.2,0,0.3,0,0,0.1,0,0,0,0,0,0,0,0,0.2,0,0,0,0,0,0,0,0,0,0,0.1,0,0,0,0,0,0,0,0,1,0,0,0.1,0,0,0,0,0,0.1,0.2,0,0,0,0,0,0,0.8,0,0.1,0,0,0.7,0,0.6,0,0,0.3,0,0,0,0.1,0.3,0,0,0,0,0,0,0,0,0,0,0.6,0,0.5,0,0.1,0
Farr Cross Road,8,179,25.5,15.25,12.856,22.375,0,0,0,0,0.625,0.125,0.125,0,0,0.125,0,0,0,0,0,0,0.375,0,0,0,0,0,0,0,0,0,0.125,0,0,0,0,0,0.125,0,0,0,0,0.375,0,0,0,0,0.125,0.125,0,0,0,0,0,0,0,0,0.125,0,0,0,0.125,0,0,0.125,0,0,0,0,0,0.125,0,0,0,0,0,0,0,0,0,0.125,0,0,0,0,0,0,0,0.125,0,0,0,0,0,0,0,0,0,0,0,0,0,0,0,0,0,0,0,0.25,0,0,0,0,0,0,0,0,0,0,0,0.125,0,0.25,0,0,0.25,0,0,0,0,0,0,0,0,0,0,0,0,0,0,0,0,0,0,0,0,0,0,0,0,0,0,0,0,0.875,0,0,0,0,0,0,0,0,0,0.875,0,0,0,0,0,0,0.75,0,0,0,0,0.125,0,0.375,0,0,0,0,0,0.25,0,0,0,0,0.125,0,0.125,0,0,0,0,0,0,0,0,0,0,0
Ferrisburgh Town Beach,2,75,37.5,32.5,3.541,37.5,0,0,0,0,0.5,0,0,0,0,0,0,0,0,0,0,0,0,0,0,0,0,0,0,0,0,0,0.5,0,0,0,0,0,0.5,0,0,0,0,0,0,0,0,0,0,0,0.5,0,0,0,0,0,0,0,0,0,0,0,0,0.5,0,0,0,0.5,0,0,0.5,0.5,0,0,0,0,0.5,0,0,0,0,0,0,0,0,0,0,0,0,0,0.5,0,0.5,0,0,0,0,0,0,0,0,0,0,0,0,0,0,0,0,0,0,0,0,0,0,0,0,0,0,0,0,0,0,0.5,0,0,0,0.5,0,0,0,0,0,0,0,0,0.5,0,0,0,0,0,0,0,0,0,0,0,0,0,0,0,0,0,0,0.5,0.5,0,0,0,0,0,0,0,0,0,0,0,0,0,0,0,0.5,0,0,0,0,0,0,0,0,0,0.5,0,0,0,0,0,0.5,0,0.5,0,0,0,0,0,0,0,0,0,0.5,0,0,0
Fort Cassin / Porter Bay,22,2038,59.5,69.75,24.009,92.63636363636364,0,0.3181818181818182,0.09090909090909091,0,0.45454545454545453,0.3181818181818182,0.045454545454545456,0.045454545454545456,0.18181818181818182,0.7727272727272727,0,0.045454545454545456,0,0.09090909090909091,0.45454545454545453,0.045454545454545456,0.36363636363636365,0,0,0.3181818181818182,0,0,0,0,0,0,0.45454545454545453,0.13636363636363635,0,0,0,0,0.045454545454545456,0.13636363636363635,0.045454545454545456,0.09090909090909091,0,0,0,0,0,0.045454545454545456,0,0.36363636363636365,0.2727272727272727,0.8181818181818182,0,0,0.4090909090909091,0,0,0,0.045454545454545456,0.045454545454545456,0.09090909090909091,0.5454545454545454,0.8181818181818182,0.045454545454545456,0.22727272727272727,0.09090909090909091,0.13636363636363635,0.09090909090909091,0,0,0.7727272727272727,0.3181818181818182,0,0.09090909090909091,0.13636363636363635,0,0.2727272727272727,0.045454545454545456,0,0,0,0.6818181818181818,0,0,0.045454545454545456,0,0,0,0,0,0.09090909090909091,0.09090909090909091,0.36363636363636365,0.4090909090909091,0.045454545454545456,0,0.045454545454545456,0,0.045454545454545456,0.22727272727272727,0,0.045454545454545456,0.045454545454545456,0,0,0,0.13636363636363635,0,0,0.09090909090909091,0,0.045454545454545456,0,0.045454545454545456,0,0,0,0,0.7272727272727273,0,0,0.09090909090909091,0,0.22727272727272727,0.09090909090909091,0,0.045454545454545456,0,0,0,0.18181818181818182,0,0,0,0,0.9090909090909091,0,0.045454545454545456,0,0,0.09090909090909091,0.09090909090909091,0,0,0,0,0.5,0.5909090909090909,0,0,0,0,0,0,0,0.8181818181818182,0.8636363636363636,0.09090909090909091,0.3181818181818182,0,0.045454545454545456,0,0,0,0,0,0,0.045454545454545456,0,0,0.045454545454545456,0.22727272727272727,0.7727272727272727,0,0.18181818181818182,0,0,0.09090909090909091,0.045454545454545456,0.6363636363636364,0,0.13636363636363635,0.4090909090909091,0,0.045454545454545456,0,0,0.3181818181818182,0.4090909090909091,0,0.045454545454545456,0,0.09090909090909091,0,0,0,0,0,0.8181818181818182,0,0.5454545454545454,0,0.2727272727272727,0
"Greenwood Cemetery, Bristol",50,2893,52,43.5,24.865000000000002,57.86,0.02,0,0,0,0.44,0.54,0,0,0.1,0.9,0,0,0,0.04,0.38,0,0.02,0,0,0.04,0,0,0.04,0.16,0,0,0.74,0,0.1,0.42,0.18,0.04,0.52,0,0.04,0,0,0,0,0,0.02,0,0.06,0.2,0,0.12,0.72,0,0,0.02,0.24,0.02,0.94,0,0,0,0.12,0,0,0.12,0,0.04,0,0.02,0,0.26,0,0.16,0.46,0.02,0.18,0,0,0,0,0.24,0.04,0,0,0,0,0.02,0,0,0.14,0,0.14,0.04,0,0,0,0,0,0,0.02,0,0,0,0,0.02,0,0,0,0.06,0.08,0,0,0,0,0,0,0.08,0,0,0,0.58,0.44,0.46,0.4,0,0.02,0,0.36,0,0,0,0,0.02,0,0,0.1,0,0.02,0,0,0.04,0,0.04,0.02,0.12,0,0.02,0,0.02,0,0,0,0.12,0,0.32,0,0,0,0.02,0.54,0,0,0,0,0.04,0.02,0,0,0.04,0,0,0.4,0,0,0,0,0,0.08,0,0,0.18,0.78,0,0,0,0,0.08,0.18,0.08,0.08,0,0,0,0,0,0,0,0,0,0.1,0.1,0.86,0
Hallock Lake - Starksboro (15 acres),2,16,8,2,0,8,0,0,0,0,0,0,0,0,0,0,0,0,0,0,0,0,0,0,0,0,0,0,0,0,0,0,0,0,0,0,0,0,0,0,0,0,0,0,0,0,0,0,0,0,0,0.5,0,0,0,0,0,0,0,0,0,0,0.5,0,0,1,0,0,0,0,0,0,0,0,0,0,0,0,0,0,0,0.5,0,0,0,0,0,0,0,0,0.5,0,0,0,0,0,0,0,0,0,0,0,0,0,0,0,0,0,0,0,0,0,0,0,0,0,0,0,0,0,0,0,0,0,0,0,0,0,0,0,0,0,0,0,0,0,0.5,0,0,0,0,0,0,0,0,0,0,0,0,0,0,0,0,0,0,1,0,0,0,0,0,0,0,0,0,0,0,0,0,0,0,0,0,0,0,0,0,0,0,0.5,0,0,0,0,0,0,0,0,0,0,0,0,0,0,0,0,0,0,0.5,0,0,0,0,0
Hawkins Road,26,1262,33,39.75,37.223,48.53846153846154,0,0.23076923076923078,0.11538461538461539,0,0.23076923076923078,0.2692307692307692,0.07692307692307693,0.038461538461538464,0.038461538461538464,0.4230769230769231,0,0.038461538461538464,0,0.7692307692307693,0.11538461538461539,0.038461538461538464,0.4230769230769231,0.038461538461538464,0,0.15384615384615385,0,0,0,0,0,0,0.15384615384615385,0.038461538461538464,0,0,0,0,0,0,0,0.19230769230769232,0,0.07692307692307693,0,0,0,0,0.038461538461538464,0.07692307692307693,0,0.9230769230769231,0,0,0.38461538461538464,0,0,0.038461538461538464,0.038461538461538464,0.038461538461538464,0.15384615384615385,0.038461538461538464,0.5769230769230769,0,0.038461538461538464,0.11538461538461539,0,0.15384615384615385,0,0,0.19230769230769232,0.2692307692307692,0,0.038461538461538464,0,0,0.07692307692307693,0,0,0,0,0.15384615384615385,0.038461538461538464,0,0.11538461538461539,0,0,0,0,0,0.038461538461538464,0,0.5384615384615384,0.038461538461538464,0.11538461538461539,0,0.34615384615384615,0,0.4230769230769231,0.038461538461538464,0,0,0,0,0,0,0,0,0,0.5,0,0.19230769230769232,0,0.3076923076923077,0,0,0,0,0.8461538461538461,0,0.038461538461538464,0.15384615384615385,0.038461538461538464,0.19230769230769232,0.19230769230769232,0,0.11538461538461539,0,0,0,0.038461538461538464,0.19230769230769232,0,0,0,0.6923076923076923,0,0.038461538461538464,0,0,0.11538461538461539,0.038461538461538464,0,0,0,0,0.038461538461538464,0.07692307692307693,0,0,0,0,0,0.15384615384615385,0,0.8846153846153846,0.3076923076923077,0.5,0,0.038461538461538464,0.11538461538461539,0,0,0,0,0.07692307692307693,0,0.038461538461538464,0,0,0,0.15384615384615385,0.5384615384615384,0,0.11538461538461539,0,0,0.3076923076923077,0,0.6153846153846154,0,0.038461538461538464,0.2692307692307692,0,0,0,0,0.19230769230769232,0,0,0,0,0,0,0,0,0,0,0.7692307692307693,0,0.23076923076923078,0,0.19230769230769232,0
Hurd Grassland,21,1820,85,39,35.438,86.66666666666667,0,0.09523809523809523,0,0,0.9047619047619048,0.9523809523809523,0.38095238095238093,0.047619047619047616,0,0.8095238095238095,0,0,0,0.047619047619047616,0.38095238095238093,0,0.8571428571428571,0,0,0.047619047619047616,0,0,0,0.14285714285714285,0,0,0.7619047619047619,0,0,0,0.047619047619047616,0,0.8571428571428571,0,0.047619047619047616,0,0,0.19047619047619047,0,0,0.047619047619047616,0,0.5238095238095238,0.6190476190476191,0,0.5714285714285714,0,0,0,0.19047619047619047,0.047619047619047616,0.14285714285714285,0.2857142857142857,0,0,0,0.9047619047619048,0,0,0.14285714285714285,0,0.7142857142857143,0.047619047619047616,0.14285714285714285,0,0.14285714285714285,0,0.7142857142857143,0.19047619047619047,0.47619047619047616,0.47619047619047616,0,0.2857142857142857,0,0,0.7142857142857143,0.3333333333333333,0,0,0,0,0,0,0,0.6190476190476191,0,0.047619047619047616,0.047619047619047616,0,0,0,0.14285714285714285,0,0.047619047619047616,0,0,0,0,0,0.2857142857142857,0.19047619047619047,0.8571428571428571,0,0.047619047619047616,0.09523809523809523,0,0,0,0,0,0,0,0.14285714285714285,0,0.23809523809523808,0.8095238095238095,0.047619047619047616,0.9047619047619048,0.42857142857142855,0.14285714285714285,0.14285714285714285,0.09523809523809523,0.047619047619047616,0,0,0,0,0,0,0.23809523809523808,0.047619047619047616,0,0,0,0,0,0.047619047619047616,0,0,0,0,0.14285714285714285,0,0,0,0,0,0.42857142857142855,0,1,0.09523809523809523,0,0.5714285714285714,0.09523809523809523,0.09523809523809523,0.2857142857142857,0,0,0,0.3333333333333333,0,0,0,0,0,0.09523809523809523,1,0,0,0,0,0.5714285714285714,0,0.8571428571428571,0,0.38095238095238093,0.42857142857142855,0,0,0,0,0.19047619047619047,0.2857142857142857,0.5238095238095238,0.23809523809523808,0,0,0,0,0,0,0,0.047619047619047616,0.19047619047619047,0.5238095238095238,0.047619047619047616,0.047619047619047616,0
Kingsland Bay State Park,13,579,40,55,13.677999999999999,44.53846153846154,0,0,0,0,0.6923076923076923,0.3076923076923077,0.15384615384615385,0,0,0.5384615384615384,0,0,0,0,0.07692307692307693,0,0.15384615384615385,0.07692307692307693,0,0.15384615384615385,0,0,0,0,0,0,0.46153846153846156,0,0,0,0,0,0.38461538461538464,0,0,0,0,0.07692307692307693,0,0,0,0,0,0,0.07692307692307693,0.23076923076923078,0,0,0.23076923076923078,0,0,0,0.3076923076923077,0,0,0.5384615384615384,0.07692307692307693,0.23076923076923078,0.07692307692307693,0.15384615384615385,0,0,0,0.07692307692307693,0.6153846153846154,0.15384615384615385,0,0.15384615384615385,0.15384615384615385,0,0.46153846153846156,0,0,0,0,0.38461538461538464,0,0,0,0,0,0,0,0,0.07692307692307693,0,0,0,0,0,0,0,0,0,0,0,0.07692307692307693,0,0,0.23076923076923078,0.07692307692307693,0,0,0,0,0,0.07692307692307693,0,0,0,0,0,0.3076923076923077,0,0,0.23076923076923078,0,0.5384615384615384,0.15384615384615385,0,0,0,0,0,0,0,0,0,0,0.23076923076923078,0.07692307692307693,0,0,0,0,0.07692307692307693,0,0.07692307692307693,0,0,0,0.15384615384615385,0,0,0,0,0,0,0,0.46153846153846156,0.6923076923076923,0,0,0,0.15384615384615385,0,0,0,0,0,0,0,0,0,0,0,0.6153846153846154,0,0,0,0,0,0,0.46153846153846156,0,0,0.38461538461538464,0,0,0,0,0,0.3076923076923077,0,0.3076923076923077,0,0,0,0,0,0,0,0,0,0.15384615384615385,0,0.23076923076923078,0
Lake Dunmore - Salisbury (985 acres),3,127,37,15,8.047,42.333333333333336,0,0,0,0,0,0,0,0,0.3333333333333333,0,0,0,0,0,0,0,0.3333333333333333,0,0,0,0,0,0,0,0,0,0.3333333333333333,0,0,0,0,0,0,0,0,0,0,0,0,0,0,0,0,0,0.3333333333333333,0,0,0,0,0,0,0,0.3333333333333333,0,0,0,0.3333333333333333,0,0.6666666666666666,0,0,0,0,0.3333333333333333,0.3333333333333333,0,0,0,0,0,0.3333333333333333,0,0,0,0,0,0,0,0,0,0,0,0,0,0,0,0,0,0,0,0,0,0,0,0,0,0.3333333333333333,0,0,0,0,0,0,0,0.3333333333333333,0,0,0,0,0,0,0,0,0,0,0,0,0,0,0,0,0,0,0,0,0,0.3333333333333333,0,0,0,0.3333333333333333,0,0,0,0,0.3333333333333333,0,0.3333333333333333,0,0,0,0.3333333333333333,0,0,0,0.6666666666666666,0,0,0,0,0,0.3333333333333333,0,0,0,0,0,0,0,0,0,0,0,0,0,0,0.3333333333333333,0,0,0,0,0,0,0.3333333333333333,0,0.3333333333333333,0,0,0,0,0,0,0.3333333333333333,0,0,0,0,0,0,0,0,0,0,0,0.3333333333333333,0,0.6666666666666666,0
"Lemon Fair Road, Weybridge",82,1478,14,11.5,184.27200000000002,18.024390243902438,0,0,0.012195121951219513,0,0.5609756097560976,0.15853658536585366,0.18292682926829268,0.012195121951219513,0.012195121951219513,0.43902439024390244,0,0,0.012195121951219513,0.024390243902439025,0.024390243902439025,0.024390243902439025,0.5975609756097561,0.012195121951219513,0,0.012195121951219513,0,0,0,0,0,0,0.07317073170731707,0,0,0.012195121951219513,0,0,0.08536585365853659,0,0,0,0,0.3170731707317073,0,0,0,0,0,0.3170731707317073,0,0.24390243902439024,0,0,0,0,0,0,0.12195121951219512,0,0,0,0.5365853658536586,0,0,0.32926829268292684,0,0.0975609756097561,0,0,0,0.024390243902439025,0,0.036585365853658534,0.04878048780487805,0.2804878048780488,0.13414634146341464,0,0.036585365853658534,0,0,0.7804878048780488,0.012195121951219513,0,0,0,0,0,0,0,0.06097560975609756,0,0.036585365853658534,0,0.012195121951219513,0,0.06097560975609756,0,0.012195121951219513,0,0,0,0,0,0,0,0.34146341463414637,0,0.024390243902439025,0.21951219512195122,0.024390243902439025,0.012195121951219513,0,0.036585365853658534,0,0,0,0,0.18292682926829268,0,0,0.17073170731707318,0,0.10975609756097561,0,0,0.04878048780487805,0,0,0,0,0,0,0,0,0,0.024390243902439025,0,0,0,0,0,0,0,0,0,0,0,0,0,0,0,0,0.06097560975609756,0,0.8414634146341463,0.012195121951219513,0,0.5365853658536586,0.012195121951219513,0,0.012195121951219513,0,0,0,0.5121951219512195,0,0,0,0.012195121951219513,0,0.0975609756097561,0.5487804878048781,0,0.012195121951219513,0,0,0.06097560975609756,0,0.36585365853658536,0,0.036585365853658534,0.1951219512195122,0.036585365853658534,0,0,0,0.04878048780487805,0.012195121951219513,0.024390243902439025,0.012195121951219513,0,0.24390243902439024,0,0,0.012195121951219513,0,0,0.08536585365853659,0.012195121951219513,0.17073170731707318,0,0.036585365853658534,0
Lemon Fair WMA--Bonner Parcel,2,59,29.5,17.5,1.77,29.5,0,0,0,0,0.5,0,0,0,0,0.5,0,0,0,0,0,0,0.5,0,0,0,0,0,0,0,0,0,0,0,0,0,0,0,0.5,0,0,0,0,0,0,0,0,0,0,0,0,1,0,0,0,0,0,0,0,0,0,0,0,0,0,0,0,0,0,0,0,0,0,0.5,0,0,0,0,0,0,0,1,0,0,0,0,0,0,0,0,0,0,0,0,0,0,0,0,0,0,0,0,0,0,0,0,0,0,0,0,0,0,0,0,0,0,0,0,0.5,0,0,0,0,1,0.5,0,0.5,0,0,0,0,0,0,0,0,0,0,0,0,0,0,0,0,0,0,0,0,0,0,0,0,0,0,0,0,1,0,0,0,0,0,0,0,0,0,1,0,0,0,0,0,0,1,0,0,0,0,0,0,0.5,0,0,0,0,0,0,0,0,0,0,0,0,0,0,0,0.5,0,0,0,0,0,0,0,0
Lewis Creek Fishing Access,2,45,22.5,12.5,0.805,22.5,0,0.5,0,0,0.5,0.5,0,0,0,1,0,0,0,0,0.5,0,0,0,0,0,0,0,0,0,0,0,0.5,0,0,0,0,0,0.5,0.5,0,0,0,0,0,0,0,0,0,0,0,0,0,0,0,0,0,0,0,0,0,0,0,0,0,0,0,1,0,0,0,0,0,0,0,0,0,0,0,0,0,0,0,0,0,0,0,0,0,0,0.5,0,0,1,0,0,0,0,0,0,0,0,0,0,0,0,0,0,0,0,0,0,0,0,0,0,0,0,0.5,0,0,0,0,0.5,0,0,0,0,0,0,0,0,0,0,0,0,0,0,0,0,0,0,0,0,0,0,0,0,0,0,0,0,0,0,0,1,0.5,0,0,0,0,0,0,0,0,0,0,0,0,0,0,0.5,1,0,0,0,0,0.5,0,0.5,0,0.5,0,0,0.5,0,0,0.5,0,0,0,0,0,0,0,0,0,0,0,0,0,0,0,0
Little Otter Creek WMA IBA--Greenbush Rd. Access,28,2883,86,66.5,66.474,102.96428571428571,0,0.14285714285714285,0.07142857142857142,0,0.6785714285714286,0.7857142857142857,0,0,0.14285714285714285,0.8928571428571429,0,0,0,0.14285714285714285,0.25,0,0.5714285714285714,0,0,0.25,0,0,0,0.32142857142857145,0,0,0.8571428571428571,0,0,0.07142857142857142,0,0,0.5714285714285714,0.32142857142857145,0.17857142857142858,0,0,0,0,0,0.07142857142857142,0.03571428571428571,0.03571428571428571,0.4642857142857143,0.03571428571428571,0.4642857142857143,0.03571428571428571,0,0.21428571428571427,0.07142857142857142,0.03571428571428571,0,0.07142857142857142,0.03571428571428571,0.10714285714285714,0.10714285714285714,0.7142857142857143,0.03571428571428571,0.03571428571428571,0.25,0,0.35714285714285715,0,0,0.6428571428571429,0.5,0,0.25,0.4642857142857143,0,0.39285714285714285,0,0.07142857142857142,0,0,0.17857142857142858,0.03571428571428571,0,0,0,0,0,0,0,0.35714285714285715,0,0.35714285714285715,0.25,0.21428571428571427,0,0.03571428571428571,0.4642857142857143,0.03571428571428571,0.25,0.10714285714285714,0,0.21428571428571427,0,0,0,0.14285714285714285,0.14285714285714285,0,0.03571428571428571,0,0,0,0.07142857142857142,0,0,0,0,0.4642857142857143,0.03571428571428571,0.03571428571428571,0.6785714285714286,0,0.8214285714285714,0.6071428571428571,0,0.25,0,0.03571428571428571,0,0.07142857142857142,0,0.14285714285714285,0,0,0.6071428571428571,0.35714285714285715,0.14285714285714285,0,0,0.03571428571428571,0.10714285714285714,0,0.25,0,0,0.07142857142857142,0.35714285714285715,0,0,0,0,0,0.42857142857142855,0,1,0.7142857142857143,0.10714285714285714,0,0.10714285714285714,0.42857142857142855,0,0,0.10714285714285714,0,0.07142857142857142,0,0,0,0,0,0.17857142857142858,1,0,0.07142857142857142,0,0,0.14285714285714285,0,0.8571428571428571,0,0.4642857142857143,0.5357142857142857,0,0.03571428571428571,0,0,0.2857142857142857,0.35714285714285715,0.03571428571428571,0.5714285714285714,0,0.17857142857142858,0,0,0,0,0.03571428571428571,0.8214285714285714,0.17857142857142858,0.6071428571428571,0.14285714285714285,0.8571428571428571,0
Little Otter Creek WMA IBA--South Slang,10,633,35,68.75,10.652999999999999,63.3,0,0.1,0.1,0,0.4,0.1,0,0,0,0.8,0,0.1,0,0.8,0.1,0,0,0,0,0.2,0,0,0,0,0,0,0.4,0,0,0,0,0,0.1,0.1,0,0.1,0,0,0,0,0,0.1,0,0.1,0.2,0.7,0,0,0.2,0,0,0,0.1,0,0.3,0,0.6,0,0,0,0,0.1,0,0,0.4,0.4,0,0.1,0.1,0,0.3,0,0,0,0,0.1,0,0,0.1,0,0,0,0,0,0.1,0,0.3,0.1,0.1,0,0,0,0.1,0.1,0,0.1,0,0,0,0,0,0,0,0.2,0,0,0,0,0,0,0,0,0.4,0.2,0,0.1,0,0.1,0.1,0,0,0,0,0,0,0.1,0.1,0,0,0.4,0,0.1,0,0,0.3,0,0,0,0,0,0.1,0.3,0,0,0.1,0,0,0,0,0.9,0.5,0,0,0,0.1,0,0,0,0,0,0,0,0,0,0,0.1,0.6,0,0.2,0,0,0.2,0,0.5,0,0.1,0.2,0,0,0,0.1,0.3,0.2,0,0,0,0,0,0,0,0,0,0.6,0,0.2,0,0.2,0
McCuen Slang,44,1575,31.5,26.25,13.52,35.79545454545455,0,0,0,0,0.1590909090909091,0.6136363636363636,0,0,0.29545454545454547,0.75,0,0,0,0.06818181818181818,0.38636363636363635,0.022727272727272728,0.29545454545454547,0,0,0.20454545454545456,0,0,0,0.022727272727272728,0,0,0.45454545454545453,0,0,0.045454545454545456,0,0,0.045454545454545456,0.36363636363636365,0.022727272727272728,0,0,0.022727272727272728,0.13636363636363635,0,0,0,0.11363636363636363,0.2727272727272727,0.13636363636363635,0.2727272727272727,0,0.13636363636363635,0.13636363636363635,0,0.022727272727272728,0,0,0.022727272727272728,0,0.06818181818181818,0.8863636363636364,0.36363636363636365,0.06818181818181818,0.022727272727272728,0.06818181818181818,0.09090909090909091,0,0,0.4772727272727273,0.5454545454545454,0,0,0.06818181818181818,0,0.09090909090909091,0,0,0,0.022727272727272728,0.09090909090909091,0,0,0,0,0,0,0,0,0.4318181818181818,0,0.2727272727272727,0.06818181818181818,0.06818181818181818,0.09090909090909091,0.06818181818181818,0.20454545454545456,0.06818181818181818,0.06818181818181818,0,0.25,0.045454545454545456,0.022727272727272728,0,0.022727272727272728,0,0.022727272727272728,0,0.045454545454545456,0.1590909090909091,0.11363636363636363,0.22727272727272727,0.11363636363636363,0,0,0,0,0.4318181818181818,0,0,0.2727272727272727,0.022727272727272728,0.5909090909090909,0.25,0,0,0,0,0,0,0.022727272727272728,0.022727272727272728,0,0.045454545454545456,0.45454545454545453,0,0.022727272727272728,0,0,0,0.045454545454545456,0,0,0,0,0.13636363636363635,0.29545454545454547,0,0,0.022727272727272728,0.06818181818181818,0,0,0,0.9318181818181818,0.4318181818181818,0.045454545454545456,0,0.022727272727272728,0.18181818181818182,0,0,0.022727272727272728,0,0,0,0,0,0.022727272727272728,0,0.1590909090909091,0.5909090909090909,0,0.4090909090909091,0,0,0,0.022727272727272728,0.7954545454545454,0,0.09090909090909091,0.1590909090909091,0,0,0,0,0.6363636363636364,0.20454545454545456,0,0.18181818181818182,0,0,0,0,0,0,0,0.4318181818181818,0.11363636363636363,0.7045454545454546,0.045454545454545456,0.45454545454545453,0.022727272727272728
Means Woods,2,96,48,27,1.851,48,0,0,0,0,1,1,0,0,0,0.5,0,0,0,0,0,0,0,0,0,0,0,0,0,0,0,0,1,0,0,0,0,0,0.5,0,0.5,0,0,0,0,0,0,0.5,0,1,0,0,0,0,0,0,0,0,0,0,0,0,0,0,0,0,0,0,0,0,0,1,0,0,0,0,0.5,0,0,0,0,0,0,0,0,0,0,0,0,0,0.5,0,0,0,0,0,0,0,0,0,0,0,0,0,0,0,0,0,0,0,0,0,0,0,0,0,0,0,0,0,0,0,0,0.5,0.5,0,0,0,0,0,0,0,0,0,0,0,0,0,0,0,0,0,0,1,0,0,0,0.5,0,0,0,0,0,0,0,0.5,0,0,0,0,1,0,0,0,0,0,0,0,0,0,0,0,0,0,0,0,0,0,0,0,0,1,0.5,0,0,0,0,0,0.5,0,0,0,0.5,0,0,0,0,0,0,0,0,0,0,0
Middlebury Falls,13,242,15,15,6.271,18.615384615384617,0,0,0,0,0.3076923076923077,0.15384615384615385,0,0,0.15384615384615385,0.8461538461538461,0,0,0,0,0,0,0.3076923076923077,0,0,0,0,0,0,0,0,0,0.23076923076923078,0,0,0,0.07692307692307693,0,0.07692307692307693,0,0,0,0,0,0,0,0,0,0,0.07692307692307693,0,0,0,0.23076923076923078,0,0.07692307692307693,0,0.6923076923076923,0.07692307692307693,0,0,0,0.6153846153846154,0,0,0,0,0,0,0,0,0.07692307692307693,0,0,0.07692307692307693,0,0.3076923076923077,0,0,0,0,0.6153846153846154,0,0,0,0,0,0,0,0,0.15384615384615385,0,0,0,0,0,0,0,0,0,0,0,0,0,0,0.6923076923076923,0.7692307692307693,0.15384615384615385,0,0,0,0,0,0,0,0,0,0,0,0,0,0,0,0.46153846153846156,0,0,0,0,0,0,0.07692307692307693,0,0,0,0,0,0,0,0,0,0,0,0,0,0,0,0,0,0,0,0,0,0,0.15384615384615385,0,0,0.23076923076923078,0,0.6923076923076923,0,0.15384615384615385,0,0,0,0,0,0,0,0,0,0,0,0.7692307692307693,0,0.07692307692307693,0,0,0,0,0.46153846153846156,0,0.15384615384615385,0.15384615384615385,0,0,0,0,0.07692307692307693,0.07692307692307693,0.07692307692307693,0,0,0,0,0,0,0,0,0,0,0.23076923076923078,0,0.3076923076923077,0
Mount Independence,18,1873,92.5,97.5,45.005,104.05555555555556,0,0,0,0,0.6666666666666666,0.6666666666666666,0.1111111111111111,0,0.05555555555555555,0.8888888888888888,0,0,0,0.16666666666666666,0.1111111111111111,0,0.16666666666666666,0,0.05555555555555555,0.05555555555555555,0,0,0,0.3333333333333333,0,0,0.8333333333333334,0,0.1111111111111111,0.16666666666666666,0.05555555555555555,0,0.6111111111111112,0,0.05555555555555555,0,0,0,0,0,0,0,0,0.3333333333333333,0.05555555555555555,0.4444444444444444,0.05555555555555555,0.1111111111111111,0.05555555555555555,0,0.05555555555555555,0.05555555555555555,0.8333333333333334,0.05555555555555555,0,0.05555555555555555,0.16666666666666666,0,0,0.3888888888888889,0,0.05555555555555555,0.05555555555555555,0.16666666666666666,0.1111111111111111,0.2777777777777778,0,0,0.05555555555555555,0,0.4444444444444444,0,0,0.05555555555555555,0,0.5,0,0,0,0,0,0.05555555555555555,0,0,0.2222222222222222,0,0.05555555555555555,0.2222222222222222,0,0,0,0.05555555555555555,0.05555555555555555,0.05555555555555555,0.05555555555555555,0.05555555555555555,0,0,0,0.1111111111111111,0,0,0,0.1111111111111111,0,0,0,0,0,0,0,0.05555555555555555,0.05555555555555555,0,0,0.2777777777777778,0.05555555555555555,0.9444444444444444,0.2777777777777778,0,0,0,0,0,0,0,0,0,0,0.4444444444444444,0.6111111111111112,0,0,0,0,0.2777777777777778,0,0.3888888888888889,0,0,0.05555555555555555,0.4444444444444444,0.05555555555555555,0.05555555555555555,0.05555555555555555,0,0,0.16666666666666666,0,0.2777777777777778,0.2222222222222222,0,0.05555555555555555,0.05555555555555555,0.5555555555555556,0.05555555555555555,0.16666666666666666,0,0,0.05555555555555555,0.1111111111111111,0,0,0,0,0,0.3888888888888889,0,0,0,0,0.05555555555555555,0.05555555555555555,0.16666666666666666,0,0.3888888888888889,0.5,0,0,0,0,0,0.3888888888888889,0,0.6111111111111112,0,0.1111111111111111,0,0,0,0,0.05555555555555555,0.16666666666666666,0.2777777777777778,0.05555555555555555,0,0.1111111111111111,0.05555555555555555
Otter View Park,97,5472,60,37,68.84700000000001,56.41237113402062,0,0.061855670103092786,0,0,0.7525773195876289,0.6185567010309279,0,0,0.030927835051546393,0.8865979381443299,0,0,0.010309278350515464,0.020618556701030927,0.41237113402061853,0,0.10309278350515463,0,0,0.17525773195876287,0,0,0,0.020618556701030927,0,0,0.6185567010309279,0,0,0.010309278350515464,0,0,0.6597938144329897,0.010309278350515464,0.010309278350515464,0,0,0.020618556701030927,0,0,0.010309278350515464,0,0.020618556701030927,0.36082474226804123,0,0.6804123711340206,0,0.26804123711340205,0,0.1134020618556701,0.010309278350515464,0.24742268041237114,0.4536082474226804,0,0,0,0.8247422680412371,0,0.10309278350515463,0.041237113402061855,0,0.32989690721649484,0.030927835051546393,0.010309278350515464,0.010309278350515464,0.4639175257731959,0,0,0.36082474226804123,0,0.16494845360824742,0,0,0,0,0.6701030927835051,0.1134020618556701,0,0,0,0,0,0,0,0.5567010309278351,0,0.020618556701030927,0.08247422680412371,0.020618556701030927,0,0,0.20618556701030927,0,0.1134020618556701,0,0,0,0,0,0.2268041237113402,0.4329896907216495,0.32989690721649484,0,0.020618556701030927,0.05154639175257732,0.010309278350515464,0,0,0,0,0,0,0.28865979381443296,0.08247422680412371,0.13402061855670103,0.6185567010309279,0,0.865979381443299,0.36082474226804123,0,0.010309278350515464,0.020618556701030927,0.010309278350515464,0,0.18556701030927836,0,0.05154639175257732,0,0,0.08247422680412371,0.05154639175257732,0.010309278350515464,0,0,0,0.030927835051546393,0.030927835051546393,0,0,0.010309278350515464,0,0.16494845360824742,0,0,0,0,0,0.010309278350515464,0,0.9587628865979382,0.041237113402061855,0,0.041237113402061855,0.041237113402061855,0.16494845360824742,0.010309278350515464,0,0.010309278350515464,0,0.010309278350515464,0.010309278350515464,0,0,0.010309278350515464,0,0.1958762886597938,0.8350515463917526,0.1134020618556701,0.15463917525773196,0,0,0.8350515463917526,0,0.4329896907216495,0,0.38144329896907214,0.07216494845360824,0,0,0,0.5154639175257731,0.3917525773195876,0.23711340206185566,0.13402061855670103,0.25773195876288657,0,0,0,0,0.061855670103092786,0.010309278350515464,0,0.4742268041237113,0.061855670103092786,0.5670103092783505,0,0.17525773195876287,0
Potash Bay,2,22,11,1,0,11,0,0,0.5,0,0,0.5,0,0,0,1,0,0,0,0,0,0,1,0,0,0.5,0,0,0,0.5,0,0,1,0,0,0,0,0,0.5,0,0,0,0,0,1,0,0,0,0,0,0.5,0,0,0.5,0.5,0,0,0,0.5,0,0,0.5,0.5,1,0.5,0,0,0,0,0,0,0,0,0,0,0,0,0,0,0,0,0,0,0,0,0,0,0,0,0,0,0,0,0,0,0,0,0,0,0,0,0,0,0,0,0,0,0.5,0,0,0,0,0.5,0,0,0.5,0,0,0.5,0,0,1,0,0.5,0,0,0,0,0,0,0.5,0,0,0,0,0.5,0,0,0,0,0,0,0,0,0,0,0,0,0.5,0,0,0,0,0,0,0.5,0.5,0,0,0,0,0,0,0,0,0,0,0,0,0,0,0,0.5,0,0,0,0,0,0,1,0,0.5,0,0,0,0,0,0,0,0,0,0,0,0,0,0,0,0,0,0,0,0,0,0
Raven Ridge Natural Area,3,130,45,37.5,3.057,43.333333333333336,0,0,0,0,0.6666666666666666,0,0.3333333333333333,0,0,0,0,0,0,0,0,0,0,0,0,0,0,0,0,0,0,0,0.3333333333333333,0,0,0,0,0,0,0,0,0,0,0,0,0,0,0,0,0,0,0,0,0,0,0,0,0,0.3333333333333333,0,0,0,0,0,0,0.6666666666666666,0,0.3333333333333333,0,0,0,0,0,0,0,0,0.3333333333333333,0,0,0,0,0,0.3333333333333333,0,0,0,0,0,0,0,0,0,0,0,0,0,0,0,0,0,0,0,0,0,0,0,0,0,0,0,0,0,0,0,0,0,0,0,0.3333333333333333,0,0,0,0,0.3333333333333333,0,0,0,0,0,0,0,0,0,0,0,0,0,0,0,0,0,0,0,0,0,0,0,0,0,0,0,0,0,0,0,0.6666666666666666,0,0,0,0,0,0,0,0,0,0,0,0,0,0,0,0,0.6666666666666666,0,0,0,0,0.3333333333333333,0,0.3333333333333333,0,0.3333333333333333,0.3333333333333333,0,0,0,0,0,0,0,0.3333333333333333,0,0,0,0,0,0,0,0,0,0.3333333333333333,0,0,0
Richville Pond - Shoreham (129 acres),2,50,25,5,1.609,25,0,0,0,0,0,0,0.5,0,0.5,0,0,0,0,0,0,0,0.5,0,0,0,0,0,0,0,0,0,0,0,0,0,0,0,0,0,0,0,0,0,0,0,0,0,0,0,0,1,0,0,0,0,0,0,0,0,0,0,1,0,0,0,0,0,0,0,0,0,0,0,0.5,0,0,0,0.5,0,0,1,0,0,0,0,0,0,0,0,0.5,0,0,0,0,0,0,0,0,0,0,0,0,0,0,0,0,0,0,0,0,0,0,0,0,0,0,0,0,0,0,0,0,0,0,0,0,0,0,0,0,0,0,0,0,0,0,0,0,0,0,0,0,0,0,0,0,0,0,0,0,0,0,0,0,1,0,0,0,0,0,0,0,0,0,0,0,0,0,0,0,0,1,0,0,0,0,0,0,1,0,0,0,0,0,0,0,0,0,0,0,0,0,0,0,0,0,0,0.5,0,1,0,0,0
Robert Frost Trail,4,226,45.5,49.5,5.345,56.5,0,0,0,0,0,0.5,0,0,0,1,0,0,0,0,0,0,0,0,0,0.5,0,0,0,0.25,0,0,1,0,0.25,0,0.25,0.25,0.75,0,0.75,0,0,0,0,0,0,0,0,0,0,0.25,0,0,0,0,0.5,0,0.25,0,0,0,0,0,0,0.25,0,0.5,0,0,0,0,0,0,0,0,1,0,0,0,0,0,0,0,0,0,0,0,0,0,0.25,0,0,0,0,0,0,0,0,0,0,0,0,0,0,0,0,0,0,0,0.25,0,0,0,0,0,0,0.5,0,0,0,0,0.25,0,0.25,0,0,0,0.25,0,0.25,0,0,0,0,0,0.5,0,0,0.25,0,0,0,0,0,0.25,0,0,0,0.75,0.25,0,0,0,0,0.5,0,0,0,0.25,0,0.25,0,0,0,0,0,0,0,0,0,0,0.25,0,0.25,0,0,0,0.25,0.5,0,0.25,0,0,0,0,0,0,0.5,0.25,0.75,0,0,0,0,0,0,0,0,0,0,0,1,0
Shoreham Depot,2,44,22,8,0.724,22,0,0,0,0,1,0.5,0,0,0,1,0,0,0,0,0,0,0,0,0,0,0,0,0,0.5,0,0,0.5,0,0,0,0,0,0.5,0,0,0,0,0,0,0,0,0,0,0,0,0.5,0,0,0,0,0,0,0,0,0,0,1,0,0,0,0,0,0,0,0,0,0,0,0,0,0.5,0,0,0,0,0,0,0,0,0,0,0,0,0,0,0,0,0,0,0,0,0,0,0,0,0,0,0,0,0,0,0.5,0,0,0,0,0,0,0,0,0,0,0,0,0,0.5,0,0,0,0,0,0,0,0,0,0,0,0,0,0,0,0,0,0,0,0,0,0,0,0,0,0,0,0,0,0,0,0,0,1,0,0,0,0,0.5,0,0,0,0,0,0,0,0,0,0,0,0.5,0,0,0,0,0,0,0,0,0,0,0,0,0,0,0,0,0,0,0,0,0,0,0,0,0,0,0,0,0,0.5,0
Silver Lake - Leicester (101 acres),2,330,165,105,11.266,165,0,0,0,0,0.5,0,0,0,0,0.5,0,0,0,0,0,0,0,0,0,0,0,0,0,0,0,0,0.5,0,0.5,0,0,0,0,0,0.5,0,0,0,0,0,0,0,0,0,0,0,0,0,0,0,0,0,0,0,0,0,0,0,0,0.5,0,0,0,0,0,0.5,0,0,0,0,0.5,0,0,0,0,0,0,0,0,0,0,0,0,0,0,0,0,0,0,0,0,0,0,0.5,0.5,0,0,0,0,0,0,0,0,0,0,0,0,0,0,0,0,0,0,0,0,0,0,0,0,0,0,0,0,0,0,0,0,0,0,0,0,0,0,0,0,0.5,0,1,0,0.5,0,0,0,0,0,0,0,0,0,0,0,0,0,0,0,0,0,0,0,0,0,0,0,0.5,0,0,0,0,0,0,0,0,0,0,0,0.5,0,0,0,0,0,0,0,0,0,0,0,0,0,0,0,1,0,0,0,0.5,1,0
Slang Road,13,343,23,20,12.273,26.384615384615383,0,0,0,0,0.3076923076923077,0.5384615384615384,0.07692307692307693,0,0.07692307692307693,0.6153846153846154,0,0,0,0,0.15384615384615385,0.23076923076923078,0.6153846153846154,0,0,0.3076923076923077,0,0.07692307692307693,0,0.07692307692307693,0.07692307692307693,0,0.3076923076923077,0.07692307692307693,0,0,0,0,0,0,0,0,0,0,0,0,0,0,0,0.23076923076923078,0,0.15384615384615385,0,0,0,0.07692307692307693,0,0,0.15384615384615385,0.15384615384615385,0,0,0.8461538461538461,0,0,0,0,0.07692307692307693,0,0,0,0.3076923076923077,0,0,0.23076923076923078,0,0,0.07692307692307693,0,0,0,0.46153846153846156,0,0,0,0,0,0,0,0,0.15384615384615385,0,0.07692307692307693,0.15384615384615385,0,0,0,0,0.07692307692307693,0,0,0,0.07692307692307693,0,0,0,0.3076923076923077,0,0,0.23076923076923078,0,0,0,0,0,0,0,0,0.46153846153846156,0,0,0.38461538461538464,0,0.15384615384615385,0.15384615384615385,0,0,0,0,0,0.15384615384615385,0.07692307692307693,0,0,0,0,0,0,0,0,0,0.23076923076923078,0,0,0,0,0,0,0,0,0,0,0,0.15384615384615385,0,0.8461538461538461,0.07692307692307693,0,0.15384615384615385,0,0.07692307692307693,0,0,0,0,0.07692307692307693,0,0,0,0,0,0.15384615384615385,0.5384615384615384,0,0.23076923076923078,0,0,0,0,0.9230769230769231,0,0,0.07692307692307693,0,0,0,0,0.5384615384615384,0.07692307692307693,0.07692307692307693,0.07692307692307693,0,0,0,0,0,0,0,0.46153846153846156,0,0.46153846153846156,0,0.46153846153846156,0
Snake Mountain WMA,13,2581,180,125,46.349000000000004,198.53846153846155,0,0,0,0,0.5384615384615384,0.7692307692307693,0,0,0.3076923076923077,0.8461538461538461,0,0,0,0,0.07692307692307693,0,0.15384615384615385,0.07692307692307693,0,0,0,0,0.07692307692307693,0.7692307692307693,0,0,0.8461538461538461,0,0.38461538461538464,0.3076923076923077,0,0,0.7692307692307693,0,0.46153846153846156,0,0,0.07692307692307693,0,0,0.23076923076923078,0.3076923076923077,0,0.38461538461538464,0,0.15384615384615385,0,0,0,0,0.23076923076923078,0,0.15384615384615385,0,0,0,0,0,0,0.5384615384615384,0,0,0.07692307692307693,0.3076923076923077,0,0.7692307692307693,0,0,0.07692307692307693,0,0.23076923076923078,0,0.5384615384615384,0.07692307692307693,0,0.07692307692307693,0,0,0,0,0.07692307692307693,0.07692307692307693,0,0,0.38461538461538464,0,0,0.23076923076923078,0,0,0,0,0,0.23076923076923078,0.5384615384615384,0,0,0,0,0,0,0.07692307692307693,0,0,0,0,0,0,0.07692307692307693,0,0.07692307692307693,0,0.07692307692307693,0,0,0.15384615384615385,0.07692307692307693,0.6923076923076923,0.3076923076923077,0,0,0,0.07692307692307693,0,0,0,0,0,0,0.07692307692307693,0.46153846153846156,0,0.46153846153846156,0.07692307692307693,0,0.5384615384615384,0,0.07692307692307693,0,0.07692307692307693,0,0.38461538461538464,0,0.07692307692307693,0.07692307692307693,0,0,0.38461538461538464,0,0.38461538461538464,0,0,0,0.5384615384615384,0.23076923076923078,0,0,0,0,0.07692307692307693,0.3076923076923077,0,0,0.15384615384615385,0,0,0.6153846153846154,0,0,0,0,0,0,0.23076923076923078,0,0.6923076923076923,0.8461538461538461,0,0.15384615384615385,0,0,0.07692307692307693,0.7692307692307693,0,0.38461538461538464,0,0.07692307692307693,0,0,0,0,0,0,0.23076923076923078,0.07692307692307693,0.6923076923076923,0.46153846153846156,0.3076923076923077
Sycamore Park,2,84,42,17,1.721,42,0,0,0,0,0,0,0,0,0,0,0,0,0,0,0,0,0,0,0,0,0,0,0,0,0,0,0.5,0,0,0,0,0,0,0,0,0,0,0,0,0,0,0,0,0,0,0,0,0,0,0,0,0,0,0,0,0,0,0,0,0,0,0,0,0,0,0,0,0.5,0,0,0,0,0,0,0,0,0,0,0,0,0,0,0,0,0.5,0,0,0,0,0,0,0,0,0,0,0,0,0,0,0,0,0.5,0,0,0,0,0,0,0,0,0,0,0,0,0,0,0,0.5,0,0,0,0,0,0,0,0,0,0,0,0,0,0,0,0,0,0,0,0,0,0,0,0,0,0,0,0,0,0,0,0,0,0,0,0,0,0,0,0,0,0,0,0,0,0,0,0,0.5,0,0,0,0,0,0,0,0,0,0,0,0,0,0,0,0,0,0,0,0,0,0,0,0,0,0,0,0,0,0,0
The Waterworks Property,43,5600,120,90.5,79.716,130.2325581395349,0,0,0,0,0.5348837209302325,0.7441860465116279,0.023255813953488372,0,0.18604651162790697,0.9302325581395349,0,0,0,0.023255813953488372,0.32558139534883723,0,0.11627906976744186,0.18604651162790697,0.023255813953488372,0.5348837209302325,0,0,0,0.7906976744186046,0,0.023255813953488372,0.9069767441860465,0,0.3488372093023256,0.6046511627906976,0.37209302325581395,0,0.8372093023255814,0.06976744186046512,0.3953488372093023,0,0.023255813953488372,0.023255813953488372,0,0,0,0.46511627906976744,0,0.32558139534883723,0.023255813953488372,0.6511627906976745,0,0,0,0.046511627906976744,0.27906976744186046,0.023255813953488372,0.6046511627906976,0,0,0,0.3023255813953488,0,0.09302325581395349,0.813953488372093,0,0.6976744186046512,0,0.046511627906976744,0,0.4418604651162791,0,0,0.11627906976744186,0,0.6511627906976745,0,0.023255813953488372,0.023255813953488372,0,0.09302325581395349,0.023255813953488372,0.023255813953488372,0,0,0,0.023255813953488372,0.023255813953488372,0,0.46511627906976744,0,0.3488372093023256,0.3953488372093023,0,0,0,0.11627906976744186,0,0.13953488372093023,0.4883720930232558,0.023255813953488372,0.13953488372093023,0,0,0,0,0.046511627906976744,0.06976744186046512,0.023255813953488372,0.3953488372093023,0,0,0,0,0,0.023255813953488372,0.16279069767441862,0.27906976744186046,0,0,0.5581395348837209,0.13953488372093023,0.7209302325581395,0.20930232558139536,0,0.09302325581395349,0,0.06976744186046512,0,0.023255813953488372,0,0.18604651162790697,0,0,0.046511627906976744,0.8372093023255814,0.046511627906976744,0,0,0,0.3023255813953488,0,0.4418604651162791,0,0.046511627906976744,0,0.13953488372093023,0,0.37209302325581395,0.16279069767441862,0,0.11627906976744186,0.13953488372093023,0,1,0.16279069767441862,0.09302325581395349,0.06976744186046512,0.5348837209302325,0.46511627906976744,0.046511627906976744,0.27906976744186046,0,0,0.023255813953488372,0.16279069767441862,0,0,0.023255813953488372,0,0.046511627906976744,0.9302325581395349,0.023255813953488372,0.09302325581395349,0,0.023255813953488372,0.6046511627906976,0.046511627906976744,0.5116279069767442,0,0.4186046511627907,0.4186046511627907,0,0.23255813953488372,0,0,0.046511627906976744,0.4186046511627907,0.023255813953488372,0.5116279069767442,0,0.046511627906976744,0,0,0,0.06976744186046512,0.3953488372093023,0.27906976744186046,0.627906976744186,0.8372093023255814,0.627906976744186,0.6511627906976745,0.11627906976744186
Tri-Town Water District Plant / Oven Bay,16,418,25.5,13.5,4.827,26.125,0,0,0.0625,0,0.4375,0.75,0,0,0.125,0.4375,0,0,0,0,0.0625,0,0.3125,0,0,0.25,0.0625,0,0,0.0625,0,0,0.25,0,0,0,0,0,0.1875,0,0,0,0,0,0.9375,0,0,0,0.0625,0.125,0.25,0.25,0,0,0.5625,0,0,0,0.75,0.0625,0,0.1875,0.5,0.875,0.4375,0.1875,0.5,0,0.125,0.25,0.8125,0.1875,0,0,0,0,0.125,0,0,0,0,0.1875,0,0,0.125,0,0,0,0,0,0.125,0.25,0,0,0,0,0,0,0,0,0,0.3125,0,0,0,0.4375,0.25,0.4375,0,0,0,0,0.0625,0,0,0.0625,0,0,0.125,0,0,0.375,0,0.625,0.125,0,0,0,0,0,0.0625,0,0,0,0,0.6875,0,0,0,0,0,0,0,0,0,0,0.125,0.0625,0.5,0,0,0.125,0,0.0625,0,0.375,0.6875,0,0,0.0625,0,0,0,0,0,0,0,0,0,0,0,0,0.625,0,0.125,0.0625,0,0,0,0.4375,0,0.1875,0.0625,0,0,0,0,0,0,0,0.25,0.0625,0,0,0,0,0,0,0,0,0.4375,0,0.1875,0
Turkey Lane,3,113,34,17.5,1.127,37.666666666666664,0,0,0.3333333333333333,0,0.3333333333333333,0.3333333333333333,0,0,0.3333333333333333,1,0,0,0,0,0.3333333333333333,0,0.3333333333333333,0,0,0.3333333333333333,0,0,0,0,0,0,0.3333333333333333,0,0,0,0,0,0.3333333333333333,0,0,0,0,0,0.3333333333333333,0,0,0,0,0,1,1,0,0,0.3333333333333333,0.3333333333333333,0,0,0.3333333333333333,0,0,0.3333333333333333,0.6666666666666666,0.3333333333333333,0.6666666666666666,0,0.3333333333333333,0,0,0,1,0.6666666666666666,0,0,0,0,0.3333333333333333,0,0,0,0,0,0,0,0,0,0,0,0,0,0.3333333333333333,0.3333333333333333,0,0,0,0,0,0,0,0,0,0.6666666666666666,0,0,0,0,0,0.3333333333333333,0,0,0,0,0.3333333333333333,0,0,0,0,0,0.6666666666666666,0,0,0,0.3333333333333333,0.3333333333333333,0,0,0,0,0,0,0,0,0.3333333333333333,0,0,0.3333333333333333,0,0,0,0,0,0,0,1,0,0,0,0.3333333333333333,0,0,0,0,0,0,0,1,1,0.3333333333333333,0,0,0.6666666666666666,0,0,0,0,0,0,0,0,0,0,0,0.6666666666666666,0,0,0,0,0,0,0.6666666666666666,0.3333333333333333,0.3333333333333333,0,0,0,0,0,0.3333333333333333,0,0,0.3333333333333333,0,0,0,0,0,0,0,0,0,0.3333333333333333,0,0,0
Vergennes Watershed (Norton Brook Res.) - Bristol (15 acres),4,454,105,98.5,9,113.5,0,0,0,0,0.25,0.5,0,0,0.25,0.75,0,0,0,0,0,0,0,0.5,0,0.5,0,0,0,0.5,0,0,1,0,0.25,0.5,0,0,1,0,0.5,0,0,0,0,0,0.25,0.25,0.25,0.5,0,0.5,0,0,0,0,0,0,0.5,0,0,0,0.25,0,0.5,0.75,0,0,0,0,0,0.75,0,0,0,0,0.5,0,0,0,0,0,0,0,0,0,0,0,0,0,0,0,0.5,0.5,0,0,0,0,0,0,0.5,0,0.5,0,0,0,0,0,0,0,0,0,0,0,0,0,0,0,0.25,0,0,0,0,0.25,0.25,0,0,0,0,0,0,0,0.25,0,0,0.25,0.75,0,0,0,0,0,0,0.25,0,0,0,0,0,0.25,0,0,0.25,0,0,1,0.25,0,0,0,0.5,0,0,0,0,0,0.5,0,0,0,0,0,0.75,0,0.5,0,0,0.25,0,0.5,0,0.75,0,0,0.5,0,0,0,0.5,0,0.5,0,0,0,0,0,0,0,0.25,0.5,1,0.5,0.5,0
Whitney Creek/Hospital Creek WMA,31,1614,59,59.5,25.958000000000002,52.064516129032256,0,0,0.03225806451612903,0,0.3870967741935484,0.6774193548387096,0,0,0.4838709677419355,0.8387096774193549,0,0,0,0,0.3870967741935484,0,0.0967741935483871,0,0,0.1935483870967742,0,0,0,0.0967741935483871,0,0,0.6129032258064516,0,0.06451612903225806,0.12903225806451613,0,0,0.3225806451612903,0.22580645161290322,0.03225806451612903,0,0,0.03225806451612903,0,0,0.03225806451612903,0.03225806451612903,0.0967741935483871,0.6774193548387096,0,0.3548387096774194,0,0.22580645161290322,0.03225806451612903,0.06451612903225806,0.1935483870967742,0.03225806451612903,0.06451612903225806,0,0,0,0.8709677419354839,0.03225806451612903,0,0.16129032258064516,0,0.3225806451612903,0,0,0.1935483870967742,0.6129032258064516,0,0,0.0967741935483871,0,0.03225806451612903,0,0,0.03225806451612903,0,0.06451612903225806,0.03225806451612903,0,0,0,0,0,0.03225806451612903,0,0.6451612903225806,0,0.03225806451612903,0.3225806451612903,0.03225806451612903,0.03225806451612903,0,0,0,0.25806451612903225,0,0.06451612903225806,0,0,0,0.06451612903225806,0,0.0967741935483871,0.03225806451612903,0.03225806451612903,0.3548387096774194,0,0.03225806451612903,0,0,0,0,0.03225806451612903,0.16129032258064516,0.03225806451612903,0,0.4838709677419355,0.03225806451612903,0.7096774193548387,0.45161290322580644,0,0,0,0.06451612903225806,0,0,0,0.1935483870967742,0,0.06451612903225806,0.8064516129032258,0.16129032258064516,0.06451612903225806,0,0,0,0.1935483870967742,0,0.06451612903225806,0,0,0.12903225806451613,0.5161290322580645,0,0.03225806451612903,0.0967741935483871,0,0,0.03225806451612903,0,0.7096774193548387,0.16129032258064516,0,0,0.3548387096774194,0.25806451612903225,0.0967741935483871,0,0,0,0,0.03225806451612903,0,0,0,0,0,0.8064516129032258,0,0.03225806451612903,0,0,0.03225806451612903,0.06451612903225806,0.45161290322580644,0,0.5161290322580645,0.3225806451612903,0,0,0,0,0.6774193548387096,0.3548387096774194,0.0967741935483871,0.5483870967741935,0,0.0967741935483871,0,0,0,0,0,0.2903225806451613,0.22580645161290322,0.9354838709677419,0,0.45161290322580644,0.03225806451612903
Wright Park,31,2754,90,61.5,63.21,88.83870967741936,0,0,0,0,0.9032258064516129,0.8709677419354839,0,0,0.12903225806451613,0.8387096774193549,0,0,0,0.03225806451612903,0.2903225806451613,0,0.1935483870967742,0.06451612903225806,0,0.5161290322580645,0,0,0,0.3548387096774194,0,0,0.967741935483871,0,0.06451612903225806,0.0967741935483871,0,0,0.9032258064516129,0,0.22580645161290322,0,0.06451612903225806,0,0,0,0.06451612903225806,0.0967741935483871,0,0.5806451612903226,0,0.6774193548387096,0,0.03225806451612903,0,0.22580645161290322,0,0.0967741935483871,0.1935483870967742,0,0,0,0.3870967741935484,0,0.0967741935483871,0.1935483870967742,0,0.45161290322580644,0.03225806451612903,0.0967741935483871,0.03225806451612903,0.5161290322580645,0,0,0.3870967741935484,0,0.3870967741935484,0,0.03225806451612903,0,0,0.12903225806451613,0.0967741935483871,0,0,0,0,0,0,0,0.7419354838709677,0,0.03225806451612903,0.3548387096774194,0,0,0,0.0967741935483871,0,0.12903225806451613,0.22580645161290322,0,0,0,0,0,0.03225806451612903,0.0967741935483871,0,0.16129032258064516,0.03225806451612903,0,0,0,0,0,0.03225806451612903,0.03225806451612903,0.25806451612903225,0,0,0.45161290322580644,0.1935483870967742,0.967741935483871,0.41935483870967744,0,0.03225806451612903,0,0,0,0.0967741935483871,0,0.03225806451612903,0,0,0.2903225806451613,0.8709677419354839,0,0,0,0,0.25806451612903225,0,0.45161290322580644,0,0,0,0.3225806451612903,0,0.16129032258064516,0.06451612903225806,0,0.06451612903225806,0.12903225806451613,0,0.6451612903225806,0.03225806451612903,0,0.3548387096774194,0.22580645161290322,0.3225806451612903,0,0.16129032258064516,0,0,0,0.0967741935483871,0,0,0,0,0.06451612903225806,0.8709677419354839,0,0.22580645161290322,0,0,0.1935483870967742,0,0.41935483870967744,0,0.7096774193548387,0.1935483870967742,0,0.0967741935483871,0,0,0.03225806451612903,0.5161290322580645,0.03225806451612903,0.5483870967741935,0,0.0967741935483871,0,0,0,0,0.0967741935483871,0.3548387096774194,0.25806451612903225,0.3548387096774194,0.06451612903225806,0.41935483870967744,0
